x,y,z,category
0.4988308224596102,1.3942607793521022,-3.071222327476561,shaking
-2.1416206845843018,-8.405717729497837,-0.013746820921219653,jogging
-1.894709167745065,-6.380469485707085,-0.2489116911948969,jogging
10.638231160926479,-1.5553189800231422,1.427586412835237,walking
0.1807011897385867,2.2679659266147074,-2.357614006731994,downstair
9.981450782711809,-1.2908134705995922,1.3164171372845663,walking
-0.45730502098026954,3.0690636764460253,-1.8860195660984393,downstair
0.33708573615080084,0.8417687316948531,-2.7732100633297727,shaking
0.6982246899251207,1.7996298252698113,-2.4315409408996156,downstair
0.10545336598652494,0.20480472427302546,-3.1026385779935186,shaking
10.902243039979806,-1.3504006855235289,2.283990020465681,walking
-0.8802998571035897,-0.7559093641589532,-3.431075605400984,shaking
-2.2269038414863895,-9.856426863445408,1.1869237072841354,jogging
-3.6387463945255965,1.6612335117174546,4.376500847843587,falldown
-2.042833776491182,1.1588978165348194,-0.33472325689199955,shaking
-3.1658539706943802,3.7014855297218525,3.8203425659426853,falldown
-1.035086591124783,0.6015744772230815,-4.133945115444714,shaking
-2.5343735055084946,2.123460037119533,2.2334306296892876,upstair
-0.13250990847300037,3.634975650136848,-0.8746877744801169,downstair
-0.22760606756206667,0.014812856114387265,-3.5018924377527614,shaking
9.373584309087791,-0.9732452577580686,1.1024269201627646,walking
9.534905931055519,-1.1123690336104881,1.9391873088928016,walking
0.4962749742390393,1.4819015139694363,-5.18190393678669,shaking
0.8797776896623178,0.7120434517864567,-2.385767021690459,shaking
-3.203951313874536,1.608751537245384,4.054383384614794,falldown
-0.9243440312904289,-0.580332128253247,-2.7316605168997756,shaking
-2.9204364031603873,1.890326300752381,3.409483050144928,falldown
0.3873890297702378,2.1400200182025557,-2.065975383559102,downstair
8.665487542533405,-0.3795717670828849,1.6875351011271802,walking
6.721094241404814,-0.3675969218229011,0.33373391134629854,walking
-1.432733105573455,-7.162250464920122,-0.15210776309981944,jogging
-0.596274500150253,-1.123119998581582,-2.9127438271984976,shaking
-0.6448751894352794,2.2957100390066265,-1.5964989015473587,downstair
-1.6422578257232663,1.2031307057518894,1.7264336338239448,upstair
-0.7204029303790812,-1.688420086880525,-4.822402229341002,shaking
0.03965669929834523,2.59747912865107,-1.2027496464307499,downstair
-1.9904169677417893,0.4027678755674272,-5.950719771945449,shaking
-2.935046004223604,3.6644776518844133,3.4228503910446637,falldown
-1.7184979122504476,-7.455615490960208,-0.11464953944057285,jogging
11.07811215976022,-1.3148461671864355,2.0388102039251526,walking
4.943800358030413,0.5312471778422406,0.48891049968292793,walking
0.41961339014373794,1.8241484751559962,-1.5641688048150968,downstair
0.39616069949926785,1.5705538603458438,0.4780821830758121,falldown
-4.01866140927945,2.7085711310877323,2.9031757748508324,falldown
-0.7363506046793015,1.126447046830375,-2.366779680371436,shaking
-0.9715327567259326,3.4761122560695346,-1.8750279134224164,downstair
-2.4235653797084464,-7.345888721547577,-0.5269667542275777,jogging
-0.11737824660376177,3.2980439890682502,-0.9871675624384464,downstair
-1.201135388307946,-0.16101080964570788,-3.0531738688636416,shaking
0.04072013479594178,1.4162293477084182,-3.693222391695398,shaking
10.656532770444803,-0.7396005350330455,1.572735762681372,walking
9.187736834082564,-0.9722214915202778,1.5056240450245888,walking
-2.217778539688395,1.2923564364496176,1.6274212719462766,upstair
-1.3832543328644937,1.6098532575997742,1.160816191362477,upstair
-1.9868534711346786,1.8664518016829263,1.3237395983194193,upstair
-1.6611338966237421,1.30656324637741,2.712472979037088,falldown
-2.3734397786318224,-6.304439958280173,0.06449971669455981,jogging
-1.5919643211028394,3.388737346949508,3.2438659869314383,falldown
-3.694469741978676,2.2541816810979567,3.2432429962087834,upstair
-1.6053192170993948,2.953907563369546,-5.993890816542632,shaking
-0.42030550656545485,0.4750117221602965,-4.731824737406027,shaking
0.13974507654341942,2.0779605139698147,-3.0813112877709483,shaking
9.807828786201753,-0.9581882607329664,2.1600060911094126,walking
-3.997255578789488,2.423096729760847,3.532830126204249,falldown
0.33228185493064033,0.8946586490755802,-3.7979238537800297,shaking
-0.8716696016609266,1.0255254658775284,-4.147547843793087,shaking
0.8670292662693029,2.3852280714915026,-1.79775259923266,downstair
-0.8338753320721499,2.5654959359422267,-4.787866618467899,shaking
9.356759674029025,-0.8877423966640409,1.5040097137217292,walking
-2.4203322331437893,-9.283592858180448,-0.3329116182331982,jogging
-0.9037734535527082,-0.5907297248612511,-3.9693117845884656,shaking
-2.5456438365140994,-6.036039122726194,0.4481900480666404,jogging
-1.8478409287347966,0.05154769564501352,1.6050669433275153,upstair
-2.0745897855710513,0.8669850178469722,1.4196396270138005,upstair
-1.298918871804376,2.8303799505135436,-1.1192920676974893,downstair
-2.0050190384141366,-8.71945961218225,0.15296525514209858,jogging
-0.49802631627529714,1.057996028484465,-3.619328324365219,shaking
-2.2686098178711402,-7.572306701087502,0.2843877486291956,jogging
-2.131226522224526,0.08485883286427941,-3.51612936711363,shaking
-1.4468251391965006,2.4061051682557184,0.7659043121288762,falldown
-2.389034736918333,-7.979792292390561,0.5695685624312851,jogging
10.90202386378787,-2.10600282039841,2.311468228821052,walking
0.8869403517169603,0.7504184605862498,-4.09469857011457,shaking
-1.5075204134409506,1.4783528310003813,-0.8727485807083067,shaking
-1.442780732156123,0.4735379939157747,-4.220524601174229,shaking
-2.4289345993363027,-8.71779331825965,0.553104600805747,jogging
-2.417954529908003,2.617936925772426,3.9828050629876826,upstair
0.41979606270743847,1.7954443960680657,4.369533863218678,falldown
-1.270089790319171,-2.269272814695954,-3.30852776994169,shaking
0.412564004570661,2.6019062107227198,-4.798758210299766,shaking
-3.215209036171319,1.4853129073418425,3.998209096770914,falldown
-2.067327546200071,1.9839469002407801,3.04278594155589,upstair
-3.464458886219687,2.317571379129576,4.306344587118654,falldown
-3.1668998899692027,3.552792936614584,3.5999387411313313,falldown
-2.441605463904977,0.7922314935206859,2.0840863263597704,falldown
-2.4432571976186304,1.2500521351361458,4.0282157299836605,upstair
0.8726323392335474,2.632810972768464,-0.13625209180315748,downstair
-0.5189001459261172,-0.2192095681005151,-4.201319812995362,shaking
0.3207680024079888,2.563083800587799,-3.002005025952263,shaking
-4.174156664881754,-0.2539839823568312,3.7344839866007615,falldown
-1.8808621406026858,2.4203189000649314,-4.562216415894188,shaking
-2.4719707378142184,-9.232173101020505,0.08214947597008886,jogging
10.089352068720732,-0.22003549889021018,2.3116197980325452,walking
-2.248253429409593,0.3111399938790944,-4.18308166127243,shaking
10.279171912627287,-0.4131399118031072,1.639365228999119,walking
0.5702705026043113,2.653322417776705,-1.3720013927832815,downstair
-0.724999605239635,3.6495858669945145,-0.7753644655129441,downstair
-0.44857440971759777,1.6407556454788776,3.840061565223704,falldown
0.4427058727595182,1.3970109926576932,4.707527116805183,falldown
4.85025830037748,0.39031077315751234,0.0756721163580137,walking
0.00949643926763308,2.031446676380516,-0.5662556130117427,downstair
-0.6759271238501078,2.614348313004482,-2.001845335705235,downstair
-3.323703696445042,1.2579492570336381,4.626344724547879,upstair
-1.2937841034267374,0.2181080406424485,-0.4940331485217059,shaking
-0.3255139392955669,2.481349010917058,-1.5954169967169487,downstair
-1.5159883143761124,0.1224522255086149,-3.356152052797475,shaking
8.581505703667428,-0.6423817489398056,1.726684817861701,walking
0.12785708906415738,2.6194898606896544,-1.3006691159228914,downstair
-2.9464095859056076,1.8814844259695611,3.745879654656056,upstair
9.516724456354419,0.07534238475372756,1.6906766964008677,walking
-0.20961806337494066,1.7434841349840424,-2.4798551902284838,shaking
-1.9142855733510686,-9.964940759871762,0.4371896093127292,jogging
-2.579046296809275,-10.123637698289496,0.5529444707690416,jogging
-0.23930603969607725,0.04079564444772996,-3.424011916769722,shaking
-2.7009109109597302,1.0125090130909489,4.083359205122197,falldown
-0.5026722673700856,1.3703060682602464,3.7221746287404396,falldown
-1.1749431392339038,-7.257533020654269,0.2793173404952805,jogging
-0.938597299976661,-1.6366522463095519,-4.070250007537143,shaking
9.97104730034959,-0.2209356864420191,2.428416280333208,walking
-2.974141417659361,2.1038049404543426,3.9435803996682974,upstair
-2.1367715135166785,-6.68327116991384,0.6667164890398438,jogging
-3.0476362897681053,4.242267728570013,4.301076111177814,falldown
0.49981590010786336,1.782094290501646,-2.807892675666987,shaking
-2.4263112727494307,-10.059887424658218,0.6887096307386718,jogging
-1.0401176709166882,0.7353186952885494,2.285249433908781,falldown
-0.7141312749512544,3.458216856965031,-1.5277162581857628,downstair
-2.583615148691174,-7.049678800797048,0.794733942318539,jogging
0.545594289613577,1.135729175099334,-3.0658665061622137,shaking
-1.266122850047045,-1.0855765406971618,-3.158282156811566,shaking
-1.2572648742574999,1.830602121121362,-1.2926853288451001,downstair
-2.2953143124203654,3.8331440579794624,3.000326922682354,falldown
-1.803666032692376,-9.010945178786622,0.20587980800591357,jogging
0.20993087564454732,-0.09965088061586244,-2.3509673220237257,shaking
-3.4761811679748944,1.0798496125878323,2.976432893767705,upstair
0.2359726601248484,3.3074844139150135,-4.636515666872453,shaking
-2.379163716178761,2.074907787968931,2.107469694770458,upstair
-3.7897258319661526,2.4978278748493157,3.9284293372911843,falldown
0.8775590988657203,1.4227060929985922,-3.782801176808517,shaking
9.480032883703622,-0.5819057767737583,2.0569709826279423,walking
-1.4964348090530986,1.4830219738324493,-1.2723051691733513,shaking
0.6404565438576943,1.397992453517328,-1.608309506157961,shaking
9.610565548694424,-0.6239295379669353,1.4641354791961272,walking
9.653653820944239,-0.8529581225626444,0.7240668549833013,walking
0.3980943352489691,1.2477086621828932,-4.2637953957280725,shaking
3.4410521747427825,2.779298704963752,-0.529101247646267,downstair
8.500620843139979,-0.5866466160887961,1.3676369126069128,walking
-0.8427146486332626,-6.348611540938209,-0.5029025295852042,jogging
-0.22827940485349038,1.3919589058721005,-2.4282017752969485,shaking
9.379630752222436,-0.259486549000377,2.336810135855735,walking
-0.15453065220604506,0.23769686492468356,-5.558608782060434,shaking
-3.8245560080463785,2.854214811205944,4.615005496645733,falldown
11.323671701250369,-1.2707593372681312,2.043188965491307,walking
-2.812458055156299,1.6376729514520103,3.418263705629364,falldown
-2.3649956231116307,-9.18246595569503,0.3828086755296302,jogging
-0.42848407167341607,2.9652991587096684,-0.7321809564658764,downstair
-2.1166498063492045,-8.928817996388116,-0.2924483384942023,jogging
9.7649613789027,-0.7294238982270926,0.999016533546692,walking
-2.634480426739078,0.9069895235318338,2.4583203052778217,upstair
-1.6954733400869535,-6.940239390580295,0.17554526238703022,jogging
-0.8583257151585112,1.5933092688509083,-3.869706819838729,shaking
-2.0391573591610173,4.186712093157807,2.819737240848327,falldown
-3.113943189678062,2.0345956573573156,3.837581180663581,falldown
-2.4259963168310277,1.6279336486844613,2.7007420563555917,upstair
-1.076413115234765,1.372264950971462,-4.203719529185641,shaking
8.398449754769493,-1.4810773590779458,1.079744732162757,walking
-0.955763021390315,1.8886644275842968,-4.6078795543348745,shaking
-1.3786231200983345,-0.19919400065120657,-3.271850436478417,shaking
0.508483278949845,1.5751047483228835,-3.58438391258666,shaking
6.664282494748168,0.40483208699978857,0.48412258390455254,walking
-2.92507325544895,1.2802813084872526,2.7404894327016653,falldown
-2.884106004942804,2.49003004174887,2.5362047224288373,falldown
-1.994378286033029,1.366274163775795,3.1063664008191445,upstair
-1.9593112514711941,-9.047624536409328,-0.16928384727885704,jogging
-1.9610848128486926,2.554743730397231,2.9561866254540416,falldown
0.0935271025256313,2.25984526584472,-3.16260785558418,shaking
-2.42013856702301,0.08932524137320355,3.122174885992439,falldown
-2.3756585003925976,1.0943461223140944,2.4690606869923117,upstair
-2.532285705764484,-7.711515990286508,0.5531844416874349,jogging
8.170537882473072,-0.3508156144155185,1.8476592735382127,walking
-1.1363588682477523,1.565081828801447,-5.095057959121236,shaking
-2.894841406988157,2.45483495634731,3.586836157474255,falldown
7.074448996714127,-0.8541965891154094,1.4370724491354134,walking
-1.0538485479522977,-1.7705386718246818,-3.920655085943352,shaking
-2.3369672303242077,-9.31068188852631,0.006338592180932729,jogging
-0.7397290902691354,-0.4631880486854418,-1.1843431220065115,shaking
0.10718302359374,0.8749145207559198,-1.7218786509212745,shaking
-0.34896109706868456,1.4494546499195828,-6.1570023238906,shaking
-1.1169182208652884,1.0949873562491201,2.253632382191129,falldown
4.661847009710377,-0.035146264073862246,0.43303048680775075,walking
9.58364029354439,-0.7190252804147029,2.2606676495169284,walking
-2.976888262228122,2.274776332956247,3.9638575875095245,upstair
0.13314376982283216,1.3408289319401214,-2.924955437382333,shaking
0.44896427662725286,1.1200046464229687,-3.232214505862289,shaking
-0.11566176460312895,2.966518635870435,-1.359051463621689,downstair
0.19531466212073528,2.0681634390522943,-1.6733716097323619,downstair
9.641466140890785,0.3998420656704323,1.954149413920947,walking
-3.6261271754791564,2.3145926868834215,4.491470071932202,falldown
-1.8820566367745188,1.2838718098490263,-3.486226275741511,shaking
6.671488393216154,0.05887698456591793,0.8825722251170195,walking
11.040911930330354,-0.33051908308492933,1.5269240048121882,walking
-1.2708175890410034,1.6544206106163066,3.0108826218083427,falldown
-0.4778445640485137,0.8199374617259391,-3.6649233894430524,shaking
-1.7591819114455882,-7.843797697402744,0.09303598995323312,jogging
0.6254717348745134,0.3556921071372671,-4.050797071470949,shaking
-3.0913709209040543,0.7875626687535522,2.9815440796991455,falldown
-0.45479384991794247,2.256429438667929,-0.7192363679408373,downstair
-0.9035283201081551,-6.508482707660636,0.7617025374781219,jogging
-2.261110841300437,-7.177849836955157,-0.1934256809641669,jogging
-1.325210944915478,1.3692741642127066,-3.535228758277522,shaking
-0.3103654041989787,0.91579306523504,-1.3813675478364342,shaking
-2.1397908548470945,2.966710168488797,3.4612390483735616,falldown
-1.412856883618821,3.064164653684451,-1.1377362959013162,downstair
-0.1837244210219669,1.7872896829780147,-4.725183498257085,shaking
-2.66038832538174,-5.5829066150494775,0.044146467629117135,jogging
-1.8305029006512548,1.2401153633817423,2.667370646754922,upstair
-1.18887465687497,2.6705538820159553,1.9793500158645632,upstair
-2.0336481803921376,-7.380394690632406,0.7478211993863871,jogging
-1.6039072538470998,-5.53894421572118,-0.09048937705925914,jogging
-2.2989282900480625,2.488613914022959,3.774715415630989,upstair
-0.06762565580911986,0.9485967923082428,-3.7938263552650877,shaking
6.812727363981355,-0.3396574096278655,0.9499990316785863,walking
-0.6360249399429965,-0.16342162164375185,-4.584816248871493,shaking
0.32913021469779796,2.2271049503807276,-4.052529736982761,shaking
-1.7346270620611677,2.1871942000178017,1.462273639319193,upstair
-1.3532951043237085,-7.502654089717375,0.06365596068236794,jogging
-2.0439377128844947,1.7493824409603287,4.069860331892539,falldown
-0.968651447261014,2.8807717616439703,-2.222608510243777,downstair
-2.799465623622204,2.1527758010966704,3.7833992111372425,falldown
8.474929093353378,-0.37040340785313497,1.4558530326511858,walking
-1.8928234205005898,0.2936210216310409,-3.2336802264283286,shaking
-1.9012626726071602,3.616969484173882,-5.355967290904305,shaking
-3.7147093631023873,2.088982244435278,2.3053981365635696,falldown
1.0595469023448487,0.8992951582956218,-0.7543302789151588,shaking
-1.717550962943535,0.9831130935893815,-7.055488881793039,shaking
-0.4740455603354438,0.4656488113261373,-4.00246221983449,shaking
0.10592149303059814,2.1329693084591774,-2.1326899205257153,downstair
-2.3364856633545292,-10.496333679853178,0.4990427038299135,jogging
1.1496015337119727,0.6688043900647809,-1.9205288633579667,shaking
-3.282401921359843,3.5120767709869396,3.1696541462955765,falldown
-0.050793067207263044,2.8600229816959257,-1.646334164478338,downstair
-2.9464095859056076,1.8814844259695611,3.745879654656056,falldown
0.7064311445855503,2.800182715608909,-1.4327764561017011,downstair
-2.0636361615494296,1.7458504214817188,3.4117072769440253,upstair
1.10251932592837,1.7041159995206991,-4.368691327683416,shaking
-0.9959517938656015,1.6729445448821314,-2.561342365086702,shaking
-2.53450027032191,-9.735734153080276,0.505365444631266,jogging
-1.3168776741014236,1.8850497613075101,-1.4832654694793133,shaking
-2.4194291449626615,-6.699289767455688,1.7730924415880254,jogging
1.51256417713167,0.3592686069557638,-2.2145976146802444,shaking
-2.4184314704256535,1.9878219728741204,3.176053201869765,falldown
-0.6589064988466976,1.0023795197754553,-4.785304241104827,shaking
-1.8323934253079748,0.7949568953388816,3.285277099269846,falldown
-3.4403355000528992,-9.043067810996227,0.622003540172507,jogging
-1.9894909771765987,1.2978259205853768,3.0523230073838796,upstair
-1.1866397616063038,2.211026127882967,-5.22264266276164,shaking
-2.2094020341047798,1.3821873794136639,1.3609089692138467,upstair
-2.352106953915838,1.2421689118816814,2.832243914558028,falldown
8.269972771790616,0.23233771519478608,1.469320427882694,walking
-0.356028937285046,1.2074568050260344,-4.1238559287733185,shaking
-0.5499190610942047,2.271568434528421,-1.4953012506866412,downstair
-0.046898839440879664,0.572908176316362,-4.770783468770734,shaking
-0.37381378851321334,1.803948216285001,-1.1426539558331328,downstair
-2.0451166352414023,2.22221621001112,4.483483966033381,falldown
0.16555271670105595,1.2850942481595742,-3.0894438924658347,shaking
8.258605615343997,-1.1104934817503984,1.399972186371632,walking
-0.40463991823783885,-0.7269134493585167,-5.372892302361003,shaking
-2.4077596526152836,2.1981357591914485,4.114861494880331,falldown
-1.3555615885696326,3.3967024294672044,4.17678943708273,falldown
1.537017001232391,2.020981468842585,-2.8798000396324013,shaking
-1.8625521764313022,1.362111404006086,-2.5426683084754917,shaking
-2.147805235108524,2.503836511535174,3.5970840481863626,upstair
-0.3993026341970279,0.7167501006388355,-0.45510231836204695,shaking
-2.821572241364018,1.44672036785925,2.009297744625163,upstair
-2.534656226802595,0.8176230479788157,0.5311522946460346,falldown
-1.1655447139526869,1.02510859298552,0.7380686960615499,falldown
1.5296637249575427,1.6468568334727236,-3.53729869623212,shaking
-2.0905209735193218,-6.9036006572764474,0.3491352687711509,jogging
0.6546827861582681,1.9735471306149286,-1.5836528289185623,downstair
-3.0342486100893344,-8.819222492707313,0.40037792888020346,jogging
0.1772816058848078,1.706602670894813,-4.8437541839418845,shaking
-3.068596844793499,2.2677417021430064,2.033726113106747,falldown
-3.2393422581033664,1.3474570887390456,3.7008682372927466,upstair
-1.9743827111027537,2.6959972153513005,3.357648125077107,upstair
0.6672597208560971,1.8084770953547085,-1.6291597880404298,shaking
-1.6623001473486527,-2.2373369466794872,-3.7155402188088806,shaking
-1.7870774032090568,0.7556228599404954,3.2283698239110143,upstair
-2.1876058985090134,1.4780570976344527,1.7842696656388146,falldown
0.31096393327164235,0.5953409529914131,-4.917023230047493,shaking
-2.1246456116451995,2.8918973668687866,3.401482171954551,falldown
0.00644899889777055,3.4021133087000517,-1.457193726153596,downstair
-3.2751250791691344,2.420919256195468,3.1581623929099787,falldown
-0.8454282645544334,0.0699839882129485,0.9613955270891903,falldown
-3.3730666342005673,1.6192303324539472,1.5344033118919043,falldown
0.132603496608876,2.43494474428132,-1.8432902987291009,downstair
8.497375214382771,-1.673470030052807,2.579571305442531,walking
-0.8934245100249362,1.3475074208372044,-3.372028091311007,shaking
-1.4129014189419868,1.2451659653662897,-2.738901470843307,shaking
-1.8453485718408955,0.02247088341177962,-3.986132887155142,shaking
-0.24952103425188626,2.4904491953315064,-1.0015907036710183,downstair
-1.303243847206791,2.9656803828203953,3.667391496985829,upstair
-3.0023614173134336,2.1375218928201565,3.6662064909863727,upstair
-0.38127873882138236,2.2152851619463347,-1.399649914887704,downstair
-2.8350839981760148,1.9645614980724442,3.870956174756528,upstair
-2.3133787281265756,-7.1949644915419535,-0.10368190660744916,jogging
-2.9446308382152537,2.7654688038650868,4.51015510259667,upstair
-4.046211206810018,2.1940377683585948,3.8244485277312883,falldown
10.323819849168524,-0.6349963015100967,2.1878516811422197,walking
-3.274248175321936,1.7647135598115953,3.319847375302367,falldown
-2.0354574356318733,1.3935564064822332,-0.10267079686823267,shaking
-3.9336358223646486,1.475622147971499,3.8343259886726924,falldown
-2.7801476235858313,2.84070545923482,3.475579262302293,falldown
-1.4986856951508967,3.533687018068102,-1.1386752597024972,downstair
-3.3076493930684068,3.377135444473003,2.3795766419738156,falldown
-1.0598295041182393,0.46480362141232434,-4.31691989816978,shaking
7.26245693770388,-0.4555646869250151,0.9862283307646247,walking
-0.5186616563134394,1.7521071575382183,-4.084227275762448,shaking
10.454880710731928,-1.3608209553397212,1.9844596887606045,walking
-1.5040324492848576,-5.553558374433011,0.5925450022557587,jogging
-0.6112097126849345,-0.28304064067002055,-4.310556128629816,shaking
6.382705685824704,0.19966841433484192,0.7420193858239531,walking
-3.3050018527607,3.1282184488670204,3.2194725965464928,falldown
10.675838460659772,-0.673683615201245,2.907136944225085,walking
-2.315203686751184,1.9849101065802448,3.2052850487222453,falldown
0.8534610301016337,3.0385441702602773,-1.6189052561571022,downstair
0.5457439045553992,2.6524859588146716,-3.4772669696542153,shaking
-1.639381689615832,1.5607751468644337,1.0109661422579,upstair
-2.417954529908003,2.617936925772426,3.9828050629876826,falldown
-2.6773177116876448,3.368596692354222,3.1754726064945786,falldown
-0.9524761825700322,0.4653020559145118,-0.12373583493727983,shaking
-1.5930155049558632,1.7390735100135934,1.1750788121462228,upstair
-2.4758252265545364,-8.644225626601832,-0.21550835423601927,jogging
-2.306806753540275,2.311109299509359,3.0295438176899845,upstair
-1.0258631223651282,2.839100701968675,4.482329811962369,falldown
1.3733567763139842,3.5124415088127923,-2.284316571881442,downstair
10.954587746961828,-0.7028371112729617,1.9251256819888047,walking
-2.9078440521778863,3.2997076897423914,3.857042344110061,falldown
-2.849193889885008,1.2332722186213236,2.2669506173801097,upstair
-3.322090518664782,-6.952065979276659,-0.16425742758098816,jogging
-0.9432055991467143,1.675858784322535,3.936710712492997,falldown
-2.5700190900961863,-7.620235601886975,0.5735405044365716,jogging
-1.424953155177806,1.198672910574676,-0.9024185668792294,shaking
-2.6001037502094433,2.773621034798548,1.5661347437367015,falldown
-1.710518644477391,-7.716415187195982,-0.4984309264251937,jogging
4.7661164868190475,-0.15286779725142927,0.34314148406797595,walking
-4.32103221376736,2.5774671425259945,2.9871598997015245,falldown
-2.3877127979580357,4.917048144736054,-1.4611678217223565,downstair
-1.1659255709165175,0.3157098562808842,-1.4151687538302595,shaking
0.7899185516237219,1.9905473107214424,-1.2805722176219172,downstair
-1.2333442921798026,0.6222973896100997,-5.003005465020572,shaking
-2.8691740611721444,1.2847736739653945,3.7555376746854217,falldown
0.9299226583011879,2.3648397799957297,-2.1644106597546853,downstair
-3.3651380480102486,1.2516273811874596,4.146233868088378,falldown
-0.29940545505398974,0.7339515976038667,-3.7695349615184313,shaking
11.328460720500495,-1.3395781031557972,1.8671451228768938,walking
-1.4934980824909134,-6.770487451783846,-0.7822716799683327,jogging
7.015905979254663,-0.7485084655903426,1.1359681532106938,walking
-0.9592547417089846,-1.499450541510913,-3.8435411927220087,shaking
-0.3328479685458761,3.6248333952397642,-3.109625726569929,downstair
-0.9734205216906107,0.882015875744488,1.208345239976871,upstair
-0.1537007580615061,2.4195462393995513,-3.640468262649251,shaking
0.5696569535531592,3.5096250016062442,-1.9419450369824147,downstair
-1.3273264826276194,-0.02080733786614411,-3.8499503869123393,shaking
-2.16326532581942,-9.611124917843933,0.36388478184889894,jogging
-2.516081073529652,1.4683601401384427,3.827493799348798,upstair
0.06178116171374958,4.067255608875153,-0.1883504940669597,downstair
-0.53611711444596,1.4925240633513583,2.1968456711066207,falldown
0.8740374700464608,2.9862752457351416,-1.9141201881939178,downstair
-0.6283299352552261,1.8169293391451051,-2.897583127165358,shaking
-0.5786703919728702,2.4886202229868233,-1.4484237182520971,downstair
-0.26118207372276075,2.4438729366198118,-3.3908554171386585,shaking
-1.183318992193846,-6.707260505245058,0.492207321551948,jogging
-2.812458055156299,1.6376729514520103,3.418263705629364,upstair
8.57038075535054,-0.268371441185002,1.0648563406141989,walking
0.7120956639739903,2.580390166734221,-1.8335454828162892,downstair
1.1095162599996486,1.7242716712477013,-1.304958472481332,downstair
-4.039018464876626,1.3274619030103816,3.20086969973667,falldown
8.749825756964153,-0.6733922379420423,1.6765704437783038,walking
-2.6876636896726454,-11.059325196339223,0.8011937429284717,jogging
-1.5438567536844265,2.7849968674048466,3.4390040442577434,falldown
-0.15202472520536664,-0.7841903947074451,-2.3183849075510117,shaking
-3.900575834676157,1.6073229261000521,4.641235478234049,upstair
0.46431428350020737,1.0486269427884105,-2.8181249229949716,shaking
-0.5280925133707547,2.3082681397572298,-0.7946802713876511,downstair
-0.7739654521206906,1.2948379375388706,-3.8857325637938605,shaking
-1.3445799821726296,2.3207633986419793,-2.4194225739026267,shaking
-3.0542684139036336,2.4259309362798427,3.749914614962182,upstair
-0.39345246125585254,2.081229285051579,-1.4691131371311188,downstair
-1.2718781951396179,0.6531004949284415,2.8912326593611275,falldown
0.51458524028895,3.5570528666409924,-2.001186853210815,downstair
-2.41248128418417,2.5176544529233063,3.3208626811719446,falldown
-2.327102939075083,-7.6935709344891094,0.6531058274019249,jogging
9.638153673097655,-0.46356773026550996,2.1097865337096167,walking
8.298011452148005,0.1265594290474037,1.2591599071256874,walking
-1.528653898986096,0.7463638810064822,0.6834169595911963,falldown
-2.7771118745913124,1.782102150045998,1.1542304018086664,falldown
-2.6741162313428046,-10.064754566887698,0.5382410041774981,jogging
10.02930220165697,-1.1493475461925053,1.3938228476704402,walking
-1.9587496212662132,0.802036430937593,2.1620788032585017,upstair
9.380235874751866,-0.8394977967463876,1.8134596487813173,walking
-1.0715299242424057,0.26713665448318485,-3.9736179608485394,shaking
-2.8350839981760148,1.9645614980724442,3.870956174756528,falldown
-0.8425367784542847,1.2636649385303025,-3.578883993850054,shaking
-2.7722251593816534,1.9820904388208316,3.394709450261268,upstair
-2.2650934050690923,0.9756577844352001,1.1474795644893416,falldown
-0.8435207832583059,1.611814843900892,-2.9964418628848395,shaking
-0.27317349248023015,1.5004203684252535,-3.380480691786453,shaking
-0.8523316200807955,2.6505225699933894,-5.764923238313294,shaking
-1.4570383192690524,-0.18988332369456612,-3.5422313556840175,shaking
-2.687191307716607,1.8598451500145574,3.5414743016043637,falldown
-3.0458493853887467,2.48563332347008,3.399081554444487,falldown
9.416372795308567,-0.47052769915433884,1.0873322635290643,walking
-1.5723116883823982,-6.002264527392352,0.7855933601968784,jogging
10.833287906102468,-1.376060110563457,1.0622056634450454,walking
-2.778818559317475,-8.459971909398268,1.0755284469650184,jogging
-0.7341382658861214,3.980189491600697,4.527959458220878,falldown
-1.7053252654522872,1.4962815121735065,0.7648577929562292,falldown
-0.10680872811553281,0.8084754412643791,-1.0152559644886516,shaking
4.792509941296869,0.42578845956216654,0.6677560039087379,walking
-2.9603853341044375,2.2943078676403172,3.364840580225785,upstair
-0.44715116217199674,-2.617348399471546,-1.5860447445801746,shaking
-4.3967346301927295,2.6671056361934538,3.882506690723421,falldown
-1.1317075387648272,2.093959426075394,-1.5911557640365528,shaking
7.84877941386527,-0.9338828807858448,0.816728789580579,walking
-1.199324397955197,2.1867238471946413,-3.179330565947535,shaking
-0.4882582297406223,3.5196311507386557,-0.3848603234980708,downstair
-1.9997710154648052,2.0845115622084713,3.295641411766229,upstair
-3.05652146896544,1.7756382822272725,2.3400393036797404,upstair
0.2653106942626099,1.2987317795422952,-0.9503141190007651,shaking
0.24469747541996834,1.819230748194369,-1.0424744359093032,downstair
-1.8626973832919165,-7.469022872446624,-0.16340890259268004,jogging
-0.474847999039267,-0.06710590427631534,-3.597585491636777,shaking
8.669204259395427,-0.3748735416330095,1.1124934147395193,walking
-0.08464529820849133,0.3886602600886896,-3.647906301864389,shaking
-1.6160185903125093,0.1217389626375297,-5.833745682040112,shaking
0.3070750735384533,-0.16906075617646968,-4.061762796303893,shaking
-1.542808844935557,-7.76407705166091,0.33465055790312875,jogging
1.002571605392558,2.30234784033442,-0.34355276034804194,downstair
9.701294629155477,-0.1716477493750412,1.30251206772927,walking
-1.9033648885972028,1.6967368666657556,1.0896632115939227,upstair
8.10574787164448,-0.330231586115441,0.6509050203762053,walking
2.5348868207900916,1.7126238541747436,-2.246812169998668,shaking
-1.67418701989226,-9.670183427876225,-0.13760198042738192,jogging
-0.98182499885889,3.860152432623385,-1.0733168685202858,downstair
-2.5541972848229344,1.7223013044758424,3.768672852526166,falldown
-2.1777274669348263,1.6776392690349018,2.1190789770081837,upstair
1.4739046948389543,3.039453808021606,-1.5667637569624493,downstair
-2.546036035615566,-8.145554212340553,0.551274950329471,jogging
0.5900809349693131,3.1856352727947326,-1.6313824440763693,downstair
-4.247108690857618,1.9836018619836608,4.556694559945348,upstair
9.081738199783189,-0.29197541543047706,1.30381885215274,walking
0.5603355879240393,1.1651171128569497,-2.1371532494952183,shaking
-2.26330951938226,-6.738336799363918,0.15468061469162633,jogging
-1.5278057707738717,-7.308348972905189,0.9755965750794718,jogging
-2.003228745055338,1.52416774660878,-5.846525337694304,shaking
-2.9116051800381104,1.8142414275852499,2.750105450470031,falldown
-2.894841406988157,2.45483495634731,3.586836157474255,upstair
-2.4542010857894776,-6.930448092997941,0.034599299027123026,jogging
-3.3087877049702947,3.005162156261879,4.9293318901294,falldown
-0.7021621938526728,-2.5219037881843445,-4.116423912191484,shaking
0.3365213093136983,2.8573210935717306,-1.388320003768788,downstair
-1.1024754980621279,1.1911903778801127,-4.970206780326793,shaking
-2.538007929031793,0.8657980400702651,4.213705469094108,upstair
-3.1456989199610277,1.0284013463978454,4.49162248920313,upstair
-2.7384528863864346,2.7215802124083535,2.5952450517120784,falldown
11.606109996572577,-1.9611277115235999,1.4619083812197393,walking
0.36165720039276683,2.2005415814366365,-1.1929230093203118,downstair
-1.1160740927441866,-0.3185785444857807,-5.605952870910195,shaking
-0.7592375683496024,2.905285807320844,-5.550280457745848,shaking
-2.75203505503397,-6.915894289749756,-0.2371021828138299,jogging
-4.125611751220147,0.7248546113890709,4.44742347248501,falldown
-0.4187537592940269,2.1847169404978457,-3.2151605115594974,shaking
0.038747102481924464,1.9165569928417472,-1.841893994189259,downstair
8.871994304838445,-0.6213689295730074,1.4959632540357246,walking
1.1721269523966218,1.8082079681419911,-2.546572940145398,shaking
-1.6222073860131496,-7.478043764782445,0.8735204706400667,jogging
-1.7494660738491898,3.1305661731382135,3.355793505644059,falldown
10.626951275504988,-0.3077860352964145,2.713590064703871,walking
-3.7713291443820487,0.49284589593467965,4.268324201340916,falldown
-2.814913989581028,2.462677371689976,3.7713433349044796,falldown
5.360755084149118,0.3376998700092526,0.38937503486313924,walking
-1.5284860419325828,3.9899314264393504,1.6010104284256652,falldown
-3.516393414425841,2.5375606026912183,3.320398082175043,falldown
0.25433462401917617,0.9971312257897215,-2.888870745426767,shaking
-0.9467602504698192,1.2567006046607299,-5.333688041765425,shaking
-2.764725048156855,-9.893371339293992,0.39443718474453304,jogging
-1.8718162957292788,-7.465023339706179,0.4133047468228278,jogging
0.7573806683477285,2.5136845374486354,-1.341024214595283,downstair
10.322013810228695,-0.47094135894867845,2.3260027638846186,walking
-3.0458493853887467,2.48563332347008,3.399081554444487,upstair
-0.9804142100482881,1.2734351066893126,-1.7003393917949605,shaking
-2.147724764963908,1.9422754130993365,3.3719393120999217,falldown
-0.09361985428537628,-0.6018842076409483,-3.3124147878903645,shaking
-1.1543144173761108,-7.761072271159069,0.38765221341460887,jogging
-1.409859452178348,-7.643864621282234,0.19700357310872452,jogging
-0.7689345851709393,0.4428112797470627,-4.417319751794553,shaking
-1.8740048823702593,-7.761892947256325,0.3280188922575227,jogging
-2.681222070505495,-2.321836188814395,-3.9384210723616633,shaking
0.0529893321260597,3.606968793358239,-1.445055449548931,downstair
-4.710154401082911,0.8577087184332187,4.049487237503395,falldown
0.010198140156845639,2.796698026467783,-3.174131214119232,shaking
-3.928846939086207,2.9400668750513916,3.837993299538202,falldown
-3.039815695571669,2.250823972416642,4.438571755981947,falldown
0.6176461984714637,3.238437342348644,-1.4550314836740839,downstair
-2.863928253693737,2.0240286388106266,3.3459898523398306,upstair
-0.6127239383142346,1.9090707890888898,-3.8122197658082975,shaking
1.3323983568542932,2.864325523797127,0.4139370395362445,downstair
-1.8550432119125768,-7.422214898375427,-0.467315453433439,jogging
-3.724355085264412,0.8402987434809615,3.7392163106013476,falldown
8.000467781722321,0.09686005264665641,0.98874318522094,walking
0.3858413101468187,2.730915571195295,-1.9005475167016845,downstair
-3.511475748627817,2.4256258097899153,3.0344814755270493,falldown
0.0932475931619083,1.8601790639529743,-1.190858856494217,shaking
-0.9441838424021772,-6.493274787163556,-0.20763160802965266,jogging
-3.7433892729870784,2.5304060087920957,2.960418736162037,falldown
-1.6978625168446586,1.6271344394226854,4.219011159784278,upstair
-2.761449394261035,0.036465426422369815,2.957436038943869,falldown
-2.613790763799448,1.0879284221270964,3.9829945021079087,falldown
9.188317649641283,-0.8380767323309949,1.8066401130964413,walking
-1.808064746566777,2.2262399517119773,-4.372522075010402,shaking
10.508386969160364,-1.3413308719164307,1.9915072240649252,walking
-2.5644765175145072,1.1868616123352778,4.340316542858925,falldown
-2.0010719863919455,1.9247325610390522,3.4664080108834447,falldown
10.667962393429107,-0.8021237426643728,2.165550688033741,walking
-1.9801764775602924,1.3001755034930762,1.2417210555406308,upstair
0.5746112068092893,3.0339664442164715,-4.42125618858558,shaking
-0.30764743359451957,0.1815886460009084,-4.925478335468396,shaking
-2.266745536046394,0.6489773058325031,-4.062363072668144,shaking
-2.5874576209924123,1.487209228821556,3.6019110609582614,upstair
-0.16770930829641856,-0.5660596426837085,-5.96008293039281,shaking
9.368190926258402,-0.4486443612946724,1.3369097562799543,walking
6.308765283069065,-0.20213583947728966,0.8633517744379654,walking
-0.08662816385007743,1.7413731654060611,-4.49805643688323,shaking
-1.6695222041629971,2.940033100843179,-0.14128564176880112,shaking
-3.0096881107172413,0.6443116412578073,3.5559373617816252,upstair
-2.079992497291971,0.6498435145665238,-3.61568742210885,shaking
-2.80969029009399,1.8123367078316084,2.524013475760347,falldown
-3.607354065193568,1.5475649765106823,2.094706457192603,falldown
-2.835961162484617,-9.547021682715092,0.6470493426107649,jogging
-0.018275875454124176,3.7184535910878216,-3.7627188171222468,shaking
-2.0684479696167273,2.5055161246533313,2.8731436817514444,upstair
-3.228031692452596,2.3888082597445806,3.5383910510870984,falldown
-3.3082337336089336,1.3743400517773894,3.286558578461304,falldown
0.23763428037535503,1.1254791976731993,-1.5093535819622563,downstair
-1.4496314493111093,-0.15868418266663623,-4.066465741959853,shaking
-2.069718593035774,1.61253988186836,2.7798765107722105,falldown
-2.9047735688567116,3.937574696756796,4.352545520358889,falldown
-1.6363603710779957,0.9031564849297842,-3.3844076762935766,shaking
0.6280753194960522,0.9394895185667764,-3.4291582032853656,shaking
-3.0096881107172413,0.6443116412578073,3.5559373617816252,falldown
-3.184557840305415,2.7228810360135047,4.3615420361146935,upstair
-2.2295227954013606,1.2396463631804968,4.687944866821666,falldown
-1.1992036398650774,2.9677104135157615,0.2749487214697043,downstair
-2.4498219817399964,0.7680635246682838,2.1451028086740336,upstair
-1.574404114636333,0.2794046788634276,-4.0454133069232014,shaking
-3.083291492469479,3.176519621059325,3.407044499061351,falldown
0.5604883982936595,1.5898183602030402,-3.930126901615352,shaking
-2.0834263361394094,1.5674339871783614,2.7426643618675683,falldown
-3.4706996726845656,2.1066907547909683,4.3069405590823076,falldown
-1.2582738213425522,2.4008843790877217,-3.1574360338808574,shaking
-0.4719772210277207,3.5608029103757177,-1.0827768661787038,downstair
-4.453531184196349,0.7109068815876354,4.476061644071933,falldown
-1.6774710182185522,-8.085578824445992,0.2926475209308999,jogging
8.936879236996326,-0.8215005219595934,1.599775479643681,walking
-3.192001038600161,3.539153862466319,3.0703713911947226,falldown
-3.6219194729871176,2.798599179534228,4.114925013217435,falldown
-0.5758321029509333,1.1175529900565246,-7.539674131238901,shaking
-0.08711583402751509,1.3848923935487476,-1.7117836456670703,downstair
-3.453774429797462,1.4256151254760137,2.5053201567411656,falldown
-3.813259757770815,3.0451477302487016,5.216732945660904,falldown
-1.122517949479559,-1.6383074498532528,-3.2969320367575845,shaking
-1.1515501118942157,1.7818845835526607,1.7387968877210442,falldown
-4.424660355930057,1.4886386601188764,3.603536309788658,falldown
0.8641793258193925,2.1590710084933207,-0.6775584278214576,downstair
-1.1327272197877194,-1.9466049074172533,-2.6418583082804523,shaking
-2.924724358602798,-10.451891846679782,0.8184603821969939,jogging
8.873924475299328,-1.2136895849585914,1.7915271878133232,walking
-3.540822003744856,1.3539746951864404,4.704832718016818,falldown
0.09205705601739957,2.7357735308082245,-1.4768965373798053,downstair
-2.0684479696167273,2.5055161246533313,2.8731436817514444,falldown
1.330920592868314,2.0379487680430963,-3.963887198976424,shaking
-2.8033853068722476,-6.637855345171426,0.4695729578011872,jogging
-0.12185165632421328,2.1642006570297574,-1.8355205319494203,shaking
-0.67534090514586,3.15570776515353,-1.8716746774358066,downstair
-0.4205376624521827,1.990157243242477,-3.6356345773183154,shaking
-0.8531032177517145,2.3173122960982564,-5.679177755840244,shaking
11.406655772099139,-0.8352926415309414,2.4761266258594574,walking
-3.367342622576334,-9.334552457332723,0.49090350105761604,jogging
-1.7627281268079833,1.3929195945864963,4.549535262120049,falldown
-0.8646275496857503,2.376064484293886,-5.986945701105445,shaking
10.659242496281431,-1.4194320573463106,1.403102155314152,walking
-0.8550065362924557,2.244130974414135,-4.291294607122165,shaking
2.118122393627319,3.278261032702726,-0.5984375664286975,downstair
-2.4184314704256535,1.9878219728741204,3.176053201869765,upstair
-2.9204364031603873,1.890326300752381,3.409483050144928,upstair
-2.259725482385587,1.7006815859345754,3.1189631559544897,upstair
0.06769076472034616,2.664348943775415,-4.196726369681483,shaking
-2.474018168091525,-8.248145295786562,0.04510360834072156,jogging
7.936800879252171,-0.30859712999405947,2.080553957401055,walking
-1.1723738061820212,1.9265362350092996,-5.0331973671444095,shaking
-0.2736786485494194,3.168694487409123,-0.5193911997953303,downstair
-4.444193279014454,2.2430810805445933,3.583892610454156,falldown
-3.1842389798472532,-8.648861812920803,0.360529740190353,jogging
-1.7021009928688196,-8.088369238238077,0.3579662120694382,jogging
-0.018005051474297783,-1.375801157246225,-3.125004061465834,shaking
-3.2397877377140847,2.411369829796066,4.25533526824134,falldown
-0.6644009179719865,-2.4490649918084624,-2.426467144116358,shaking
-2.527819669473027,-9.890993280399014,0.26629175485162543,jogging
9.452312210901805,-0.49203057651264626,2.3383861116117686,walking
-2.7857088712030458,1.4307766471808943,2.866426083133466,falldown
10.171094372641852,-0.6118290290465953,1.8838472711076777,walking
9.374940855734247,-0.8785346913483453,1.8396900666857132,walking
-0.08307843319833211,-1.0011433535270817,-3.104551072648211,shaking
9.23179264083253,-0.5079427903804145,0.8420476261381413,walking
-3.0561801912317006,1.9107507186353216,3.8862427834010256,falldown
10.094751698157584,-0.5758594544855921,2.120296619256869,walking
-3.6806161579820915,1.8289409375515724,3.7099838476080853,upstair
-1.4360145379335891,-6.574230278028821,-0.10609469659091111,jogging
8.271628725968354,-0.3794248807314833,1.2603530265071696,walking
-2.8774443568397503,0.8353953204715763,3.541343863101331,upstair
-2.821975875420245,2.1198152013453635,3.0518565193899536,upstair
0.3969248981544665,2.335468504176845,-1.7732750761937988,downstair
-2.109201788773694,-8.622503064186931,0.09795245862887755,jogging
0.2552729816935209,1.7760763803274466,-1.5482096938524281,downstair
-0.17405572999331376,0.75420146265881,-4.646848325104288,shaking
-0.07319392465042049,1.0246160152260058,-5.049946646286487,shaking
-2.514443229769491,2.1076614409324197,1.3719859481751544,falldown
-3.0958114815311113,-9.167899289261003,1.110736112675493,jogging
-0.6493255406109494,1.8831197626157596,-3.9888248593780986,shaking
-2.4404776136705073,-8.938018296031958,-0.17918384024982092,jogging
-1.6575038861165892,-7.1961721054118515,0.4567523914381872,jogging
8.557729254325158,0.3899125171504984,2.0449393787717622,walking
-1.8983748329100074,-7.794411639885662,0.19987734075047908,jogging
-3.55905038018986,2.37108815943711,3.7656562373174145,falldown
-0.9100279666549541,1.6194338605657135,-4.102307492603785,shaking
1.1647747638974741,3.250053640180814,-1.3396837142251832,downstair
-3.414890458750652,1.1416648757463088,2.4367805260340294,upstair
0.5594067552491251,1.04849038361249,-4.740112632444351,shaking
11.156302656070238,-0.940324925578224,2.0167985529260823,walking
-1.2826779103203756,0.085103978854552,-4.229060186694846,shaking
-2.2797852518277604,0.8218867541078734,-3.05248352671743,shaking
-0.36963446222474877,1.7785019072700956,-1.425892255751793,downstair
-0.22897903751570156,0.7437542668049584,-2.8236008287081127,shaking
-2.619771681052913,0.11044630465205717,3.727743058064761,falldown
-1.0446221433112652,1.1729172150452267,-2.3151759760661017,shaking
-0.4159807581277432,1.399287058570956,-3.6541635559461407,shaking
0.5470349126682785,1.7744086130726735,-3.3427435103288596,shaking
0.5987093955908366,3.420503399222865,-1.641314617384934,downstair
8.147411447516882,-0.5614479189846898,0.914934655462719,walking
-0.232219812448014,1.0566637750082215,-1.692228840567276,shaking
0.2776175504204675,2.0227943467178893,-2.8771632369521125,shaking
10.03402909652741,-0.3120336366007023,2.2206622010976713,walking
-2.566423223715452,1.988145253612193,2.5899910701481286,falldown
-2.3375284036228816,2.0956687997656758,1.844835190029909,upstair
-2.2057201653271052,0.6007971444153567,3.384825539207471,falldown
-0.6307761614723089,3.5084539468565175,-1.7701113945679199,downstair
-2.427048209941201,-7.733490505161317,0.5164065082909362,jogging
-2.3903059418807047,0.76407446830004,-2.8395924978031406,shaking
-2.2452479916337054,2.899448155015545,4.001793798003249,falldown
-4.073591074612149,2.077089062444309,4.1478383923008835,upstair
-0.08133450401197971,1.0039982401720384,-2.3640230805899414,shaking
-1.0892179090834269,0.7366444237812829,-4.770635412766993,shaking
-0.7153731239216535,3.98351790372477,-1.8589895884537742,downstair
-3.756543721756254,3.712904589508142,2.4786512162845087,falldown
-0.849761407332402,2.9059023135514725,-2.307598003175683,downstair
7.669411917622972,-0.4561258025895314,1.2449455599146886,walking
6.7821350249102315,-0.23686134236421602,0.40797986579224355,walking
0.054721947485331233,1.6395942540384327,-2.961043401030415,shaking
-0.5180345301670227,1.0426549012243909,-3.8228741972990945,shaking
0.10378090354213473,2.473913596261804,-0.906317169149652,downstair
-1.2959710787963177,-1.537009326939532,-5.376065887582527,shaking
8.397525586531371,-0.40372757894434436,1.3627201296117653,walking
-0.012735497965118284,3.4493357111676564,-1.5419599065163245,downstair
0.7389287557552716,1.6838011070000833,-3.8748275618128294,shaking
9.029786571580573,-0.5808246991882894,1.9753110812453083,walking
-2.1180453119839213,2.9093733190474156,3.25542447887999,falldown
-4.039018464876626,1.3274619030103816,3.20086969973667,upstair
-1.4054008462871483,-6.08650049222029,0.5987482664002777,jogging
-2.2687755837555437,-9.077880242929274,0.03730618281103206,jogging
0.5011556981632739,1.7892443347590612,-1.125443442779531,downstair
-1.9604664301030836,1.575383998068811,2.0851379421065412,upstair
9.517013411612862,-0.4161745716205836,1.4383139776919114,walking
0.04684418355516943,0.3722533004675911,-3.3581210308612053,shaking
0.27462122745701556,1.5672684331593838,-1.407870906164249,downstair
-2.31513069579322,2.2543917540133287,3.8581571354636557,upstair
0.812736318211953,2.335787968151102,-3.807904432154212,shaking
-2.6525215821971293,2.3545823817248683,4.9639285102261725,falldown
-3.2612504784278413,3.5882913268749554,-2.7691185935836975,shaking
-3.4187771752334193,0.9377832635264729,2.7286776584051458,falldown
-1.6653317428902716,2.047012348690968,2.439282945723874,falldown
9.445991296330476,-0.4144527695698036,1.8680987755139054,walking
-0.10226101057286975,1.0358105621621387,-4.664204547242368,shaking
-0.2979233786623372,0.09616196164726763,-3.6079264771647233,shaking
12.63044935569993,-1.038264471449284,2.963747530510055,walking
-1.1088883412490158,-0.962556809153015,-4.642316348181872,shaking
-2.9704787988748222,-10.441014285319925,-0.3726907395850625,jogging
-0.492600247322193,0.7155954147703983,-2.4731528706205994,shaking
-1.4879213027324067,-8.67763514119871,-0.3148555572668988,jogging
8.629140657024545,-0.672167774700954,1.3048142178872355,walking
-3.7308393816686958,1.5557169177688868,4.6239168441233565,upstair
-1.6910955532646639,-7.196895319539767,-0.6162254608622932,jogging
-0.921614463862285,0.7607231449116922,-3.526001857331986,shaking
-3.439999418086965,3.6968205955456708,3.920542107015775,falldown
10.786576625587642,-1.4319108403151095,2.24572137483482,walking
-0.8809399178951204,2.71517038032443,-1.7327867784852489,downstair
-0.23757899593810977,2.876663132639026,-1.75520599098724,downstair
9.821669808458722,-0.46950274169977246,2.284246411525583,walking
-1.1079260849720396,2.187435835299519,1.132253650465741,falldown
-1.2135560383609416,-0.6972283324180172,-3.9577036718720913,shaking
-2.5355726380224755,1.3155710013448318,3.988422828454526,falldown
-2.5292699042754765,-8.63319159400635,0.723604975224019,jogging
-2.2555063080610123,0.9984677072108975,2.0223060355670435,upstair
-1.0723805630554983,2.7954899132725206,-4.7744018984753795,shaking
-2.38955599594131,-6.3269536042359205,0.6652392586351219,jogging
-2.8196102322613776,1.1653322307344909,3.90098501652016,falldown
-1.9182072337897489,1.4548814076750785,-0.7788104311931088,shaking
-2.6965984758993713,1.8196121135942553,3.129430181740591,falldown
0.5767088139356691,2.615692166561325,-2.1905594566599436,downstair
-2.8339176089754847,1.5934709549990091,3.0173272017387593,falldown
0.23690450654723733,4.356290406505008,-1.7037306878917426,downstair
7.608856375227518,-0.21069205524086335,1.001108353883374,walking
-1.55284557839095,-7.254769772104112,-0.16763623713794734,jogging
-3.243490847453812,2.2265424253895234,3.28861539178488,upstair
-2.651566948143404,0.6554957953263999,3.2312687891390253,upstair
1.0920488547342342,2.2796824460586285,-0.1691131875136068,downstair
0.1538091991385784,1.2789456828603798,-2.0706455858077173,downstair
-0.7251182752607126,-0.6262955354913855,-4.4005877537695,shaking
-3.8225529721539973,2.506859808226738,4.027202324270733,upstair
-2.677386751640041,2.557634327951159,0.41525327130769957,falldown
10.458711488309916,-0.9773758372298266,1.5421264289124847,walking
8.156197803236621,-0.9304197687569998,1.9468795771730678,walking
-2.6965984758993713,1.8196121135942553,3.129430181740591,upstair
-2.3209728646871763,1.302974761989654,4.410373423362719,falldown
4.789675863282739,0.5126367713040756,0.3300999670050563,walking
-1.0093142479956294,0.8756934966298396,1.1499232481999857,falldown
-2.027420751799326,-7.091290565936266,-0.46951650976025167,jogging
-3.6542304904048835,2.1410992000280635,3.949279396821929,upstair
0.2617589292973805,4.748715834788604,-1.708381047709358,downstair
-1.5493450621982887,3.0041422595594254,3.0601060121903596,falldown
-1.8353647350218156,-6.817833299003627,0.03267053719226365,jogging
0.16781965603323334,1.577894827650932,-1.6718377059442557,downstair
-0.0764872176345361,2.9871544115970403,-1.4973433751101688,downstair
-3.0866896869035463,2.610048928907479,4.942230744989077,falldown
-0.918191059036843,3.443668502201401,-0.34220978932758955,downstair
-2.5254143373918057,0.8215703723307191,-3.0784490159882507,shaking
-2.893379627795877,-7.887602473585163,0.6452258865622202,jogging
-0.5904041536909108,0.46119302745899066,-4.703883771448888,shaking
-1.2791209582267706,2.5710282348812727,-2.015243999361685,downstair
-0.8381651740105034,2.202557270240797,-5.186312771941256,shaking
-0.3208508802007778,0.9772980618003905,-3.118591819917159,shaking
-2.423400534101373,2.1476025457953885,3.9857201636320316,upstair
0.6900355893569657,0.4075143478912877,-3.1494004011258903,shaking
0.5806005775300541,0.4278042210582331,-3.448162280199984,shaking
-2.367867531867185,1.79025327657806,-2.2660620663090105,shaking
-3.0440769218297623,2.3432929672485883,4.3232024167527126,falldown
-0.9178964558982675,0.4582856497498979,-3.1341786676913532,shaking
-2.531642166884097,-9.146594620934122,0.2099897032062207,jogging
0.08311611546285556,2.642264180697262,-6.182281208837781,shaking
-2.315481782420167,-8.384696599225249,0.46608389213832735,jogging
-1.146660484861992,-0.19850523940264403,-4.864145014001578,shaking
9.331746860465762,-1.3329940246299687,1.524890757500398,walking
-1.9452433203278114,2.872146887026417,-1.9543024069805983,shaking
-3.5465372208327315,1.6462152669695824,3.1585608647270016,falldown
-0.1527941632857117,2.5357443602296814,-0.39489945762669243,downstair
-1.276697083798843,-2.020619600236554,-4.019926060196838,shaking
-2.8774443568397503,0.8353953204715763,3.541343863101331,falldown
-0.5207799943087779,2.5342575497651483,-0.9945046129350835,downstair
-1.6318223647401853,2.377032081188588,-3.1324792696764145,shaking
-2.7601383747241672,0.46585263578688757,-3.6184891948269997,shaking
-2.714266980266702,-8.30063354475868,1.1070467785806957,jogging
6.343977633625963,-0.04641405859277282,0.7747850065217338,walking
0.38405543764858957,1.0458938633610486,-2.7122732486639958,shaking
-2.1649397477309322,-8.375839740219456,0.44784059966096995,jogging
-1.4224195661952983,-3.3747629250082336,-1.3891298583791734,shaking
-2.3759765229358707,0.39685038057857863,2.0761728435369,upstair
-0.6255618032520015,0.8457480765274008,-4.002234632761439,shaking
-0.6821139351124056,0.2575448827668444,-3.2562951271114366,shaking
-2.0893370643083697,1.0737257425596773,1.490454695757983,upstair
-0.5609851472410572,1.2162764757923235,-4.793792625617946,shaking
10.155178461992662,-0.6378180191941548,1.2449054877617873,walking
9.630053046351783,-0.692234075579477,1.900918151539397,walking
-0.4081943343652289,4.0208310365555215,-1.4622858448771014,downstair
-1.0963270961160467,3.6950883024711096,-0.2366042464780337,downstair
-1.6722130793847771,1.8879091093880787,1.525931061171237,falldown
-2.863928253693737,2.0240286388106266,3.3459898523398306,falldown
0.5401451228785001,1.4979633951065556,-1.8595657289404193,shaking
-1.9471291525581536,-6.159573639523787,0.035333629163392034,jogging
-2.6333982368912747,1.3405475940075504,3.1796388083484395,falldown
0.5353143700077733,2.2155411663883604,-4.45259210538348,shaking
-1.1807333369981057,-8.341140259116552,-0.11441278325078906,jogging
7.975223164442819,-0.5575006591106955,1.259571350134633,walking
9.417947316603195,-0.3132056564512786,1.6374643764522854,walking
-0.5156428680049615,2.6295793925663564,-1.5898997925205964,downstair
-2.3971074673081536,2.4587674896336496,1.2565280392147815,falldown
0.21529953468888546,1.6094979304805719,-1.9356682179084406,shaking
-2.974141417659361,2.1038049404543426,3.9435803996682974,falldown
-0.38959262342441214,2.6392892382461928,-2.2178182606720322,downstair
-3.3118729451709807,-3.445667773092232,-3.6808588853264035,shaking
-2.6214630243224324,0.3108833894634816,3.5439200123714634,falldown
-2.014814920814858,2.1736340683279,-5.201114428912345,shaking
-0.45596755499882663,2.536562470100391,-4.283081366831073,shaking
-1.2288970750237576,2.097815339247292,-1.3041911978814482,downstair
0.493613327250996,0.4487838228808489,-3.386359989348178,shaking
-2.038661545530454,-8.042093267659189,-0.010473611382891443,jogging
11.824450113438523,-0.798255680642751,1.8416333700678964,walking
-1.50143661433175,-6.394424729171333,-0.09472968646131504,jogging
-2.297507135101217,-9.694297225116769,-0.5833276344798195,jogging
-2.6049010032699393,-7.269380423688454,0.08380933641185062,jogging
-0.6183293895170076,1.6933595681783122,-4.364626224330308,shaking
-2.5102440875767145,-7.7606350162203475,0.7227416189250034,jogging
-3.0191712571517044,1.3798135890667,3.9732343030495985,falldown
-0.5778520566632535,-1.0323786199267988,-4.187794280494287,shaking
-2.915332929037597,2.1753405656250666,3.385365546290143,falldown
-3.270592617485701,2.746365734519563,3.643750974741705,falldown
0.14547786282460617,3.2595496796093135,-1.3953522808970056,downstair
-4.244364755597375,1.7260282488269327,4.5558967506741155,falldown
-1.6522431073350867,-9.18912950680116,0.15376225315440342,jogging
7.3968747069075995,-0.6035848736103783,1.038815468340091,walking
-0.06460459554344287,0.29955863014235706,-5.202817669451951,shaking
-2.4439343319125477,-7.433679702477441,-0.38468242221990945,jogging
0.22134808470286677,3.7347086830812857,-2.7731395789413567,downstair
-1.859076243449131,-8.453445054744787,0.6003713225144375,jogging
-1.2361660942982005,-0.012905065593645503,-3.5877918081227813,shaking
0.5301648057276533,2.3725092581879332,-1.6520808625263173,downstair
-1.419046736486168,1.2735306142404983,3.1134060101345242,upstair
-3.1166137485516865,2.025380170845507,4.822374108989733,falldown
0.25433289256393365,3.1438707017919074,-1.8827234087933853,downstair
-2.775673682987272,1.866987216145169,1.8630435409925636,upstair
0.691026718091156,2.126168130041936,-1.5390825896954508,downstair
-2.6369687842525447,-8.626840679597294,0.5550386739045982,jogging
7.328964110975327,-0.4839134804437993,0.6543473947165156,walking
-1.2214581733565757,0.9871466701266198,-4.716791829892799,shaking
-0.15346395547872296,0.9558614998966987,-5.092610322471864,shaking
-2.310367005569977,-9.463375558456514,0.29372808383741444,jogging
-2.2801187427374816,-7.127006964809617,-1.1478721256911801,jogging
-1.2461023439148518,2.5762407458020045,-1.2664787639828614,downstair
-2.9575346101735795,0.8609429695612375,3.4261927183388767,falldown
-1.9395198857913365,-6.76044303202766,0.3813573386872661,jogging
0.08166788221668649,0.30448825310268335,-4.521470163832648,shaking
-1.8757627603796059,-9.642137198441215,0.5947117936002712,jogging
-2.2082441543177365,-1.0295940376712445,-5.1771745918045795,shaking
-0.049381675133476556,2.2142935742227214,-1.4482406880942558,downstair
-2.4945080925555345,2.466188320643386,3.8213421955538553,falldown
-0.38153460161083325,0.47133369420383375,-4.926278503499531,shaking
-3.1925330879696268,2.7193028612804007,3.257019547346114,falldown
-2.3870422734103696,2.270094584115711,3.2834472640977115,falldown
-1.7520673186944862,2.19137047974421,0.45469921211322895,falldown
-0.7916316987143778,0.9881787253351315,-5.735231201815511,shaking
6.616362076052294,-0.270067523810369,0.8002032365025765,walking
-0.5070374323583503,3.1552160799322726,-2.441973914759951,downstair
-2.1198204058380616,-7.893878244795688,0.3920325394735052,jogging
9.42231690627118,-0.5076719439055634,1.6176290347815256,walking
0.2567313967716716,3.537801392215481,4.162018741338118,falldown
-0.16708285890302202,2.1640179924441614,-5.449460311148427,shaking
-1.764549589162822,-7.420381139129273,-0.03363307964030574,jogging
-3.539246862158431,1.5353716921562977,4.987830872319388,falldown
-1.6355658663215442,-1.4507245859070588,-4.101741919241734,shaking
1.1977283789614297,4.65401044568559,-3.2372403038837123,downstair
-2.895701183536552,-9.578345328136296,1.0154195354081188,jogging
0.13598970855700507,1.1006256350903945,-3.0545221700113667,shaking
1.4922201951391465,1.1448705587587524,-2.1434312873617047,shaking
-2.5574861274165177,1.180666142226648,2.2853342940929333,upstair
-0.7631302035724773,-2.559507604247137,-2.0104392438849827,shaking
-2.5352464660654177,2.2056141929929405,-4.087533072300708,shaking
-2.1670452509285396,2.4528985173507247,2.2250314621001235,upstair
-2.7161438982312855,2.5204690797777376,3.1438807349795836,falldown
7.564854295598501,0.31330659216109213,0.7642487303153607,walking
-1.666401764960589,-9.499053965134909,0.19922607521140803,jogging
-1.4113821748386526,1.656182237557776,-1.666094153278831,shaking
-2.7722251593816534,1.9820904388208316,3.394709450261268,falldown
-0.14348791423602064,4.595357037435599,-0.8826283064468619,downstair
-1.2391009342023422,-0.0674602405426877,-5.032010063626028,shaking
0.2277771895648254,2.244611617984567,-4.032733841278413,shaking
11.235186558782319,-1.4170520534909905,1.8493646655164098,walking
-2.455247765904373,-8.778875700090103,0.20627376861228078,jogging
9.532881502943896,-0.9375820879669977,1.6522243809338242,walking
-1.1515348656372095,2.654307268578799,-0.9559587681477535,downstair
-0.9222158981142138,2.1425668163381575,-1.2775488497721854,downstair
-0.6942122489313544,-7.54333986245831,0.21686789368563947,jogging
-2.834965868771985,1.9417218692054476,4.038166518165406,falldown
-3.5142269395955594,1.8791212687504182,2.982504939522483,upstair
-1.7900701876125977,-6.664377188553433,0.32823242212390213,jogging
0.7147077637503603,2.2213645291441537,-1.016526152778848,downstair
-0.6308083268865814,1.982452352594693,-1.1129239241544537,downstair
-0.2444664564994439,1.0240476110276964,-4.952149918320974,shaking
0.38794813464891087,2.5381097531233214,-1.3858866949912456,downstair
-0.3182430599767155,1.5152558960266136,-4.870426860876388,shaking
0.27458192293096423,2.36604553870737,-1.391938012267396,downstair
-2.7318823325991213,2.6863914289662736,4.060151423809918,falldown
0.1220115688471762,1.7433807338077174,-1.813129988455802,shaking
-2.114018903958559,-7.77747868536227,0.4734484199929181,jogging
0.34545252479654126,1.512638110932268,-1.2811427409860285,shaking
-0.9253405278887532,3.533662194095584,-0.6781021330904239,downstair
-2.48077178494665,0.5423018301304307,3.1815157388020627,falldown
-0.23151916148844273,2.373987700946564,-0.8642550406385486,downstair
5.801062628183168,-0.08861138815267097,-0.075588719876926,walking
-3.5034106600125656,3.4889065580840537,3.57044502550119,falldown
8.2621617837092,-1.0206274772992465,0.9832038505768079,walking
-2.6111391498528236,1.4756024735665656,3.9708895366959087,falldown
-0.1216086940288756,1.9338820936939227,-1.768154742586483,downstair
-1.1553407047101054,0.8473525553449602,-0.8206764738051197,shaking
-2.590481404638754,-8.413814499314885,0.12446032885160987,jogging
-2.067327546200071,1.9839469002407801,3.04278594155589,falldown
-4.257475668440594,0.6919469177968579,2.720710584447098,falldown
8.362357646011505,-0.2815117766658847,1.8673649425090142,walking
8.896693434806288,-0.2728667863789051,2.2475881608543653,walking
-1.2274176118863143,-0.30752140030837677,-4.620253323738417,shaking
-1.702659958909564,1.3805559604501518,-5.115961434360117,shaking
-0.9612416107154322,0.33181943269454006,-3.9016079038426836,shaking
8.759392657545709,-0.17573341611891655,1.3025176297075718,walking
-0.09554055150221945,0.5912159824253423,-2.676350357029545,shaking
-2.813134186698837,2.652298457465011,4.56969135182877,falldown
-0.20911683397797645,-1.6863016841911613,-2.7430841169520406,shaking
-0.3203580337295374,2.6199841405581816,-4.069271047315065,shaking
-1.6642872248876621,1.9269834075574053,4.162764789101351,upstair
-2.408471474842311,1.5894726499073881,3.3616941251008687,falldown
0.1254829102700991,2.1675178050488326,-1.8243551204245532,downstair
0.3180438251581836,2.117011600164354,-1.6338589801126424,downstair
9.684315207302092,-0.13891276943515943,2.2341205797697246,walking
0.246601633436957,1.926327215576436,-1.7220154496935014,downstair
9.214762785950994,-0.7044448471718477,1.3517409683811705,walking
0.5458381714026004,1.4328112973918925,-4.568887290766057,shaking
-1.2391443128444795,1.529897978183451,-4.022965383370659,shaking
-2.0614194125613707,1.4647695407565051,3.7230636686933596,falldown
-0.7297612462838393,2.9814634267180584,-2.9914156149201117,shaking
-3.4461241937445597,3.508515400677743,3.2612695497830986,falldown
8.890083818583284,-0.3777214826257927,1.389466468954098,walking
-3.1060264252277507,2.4089170499764077,3.1056034938137085,falldown
-2.259725482385587,1.7006815859345754,3.1189631559544897,falldown
11.095624889411132,-0.9432499401240992,0.7420889133771589,walking
1.091854095055677,0.2873716683981585,-3.6739815114861925,shaking
-1.521939863452578,-0.2128664711838023,-2.728047229640487,shaking
-0.6291022338146776,1.5704227726238582,0.5863982378388294,falldown
-2.0313468895646594,-7.400325311736369,-0.002186256005924164,jogging
-1.8856855165380166,0.45964953036329975,-4.219166725939388,shaking
-0.8317480767076093,0.9112247172734071,-1.471498867265372,shaking
-1.5719395376758947,-7.136684846569964,0.02708994562624151,jogging
9.71948277758489,-0.839191107041819,0.8743003304463677,walking
-3.0049391509829593,-8.879660009268688,-0.17578373184670326,jogging
-3.464458886219687,2.317571379129576,4.306344587118654,upstair
-4.406178936777626,0.6649794049496959,3.9983097526743183,falldown
-0.030187157237427997,2.291734888416734,-0.7712979533346167,downstair
1.9977811953701259,0.94605648538562,-2.7661380884243334,shaking
-2.687191307716607,1.8598451500145574,3.5414743016043637,upstair
-2.2248989995289796,0.8383938673696664,-5.1861199279151,shaking
10.245108612139614,-1.596071573767406,1.3951973409148064,walking
-0.7047856422045752,-0.8842969230646309,-3.600535579444023,shaking
-2.589613437249036,1.2185930960057825,1.8449824283879592,upstair
9.778371070727125,-0.6480179204705564,1.7153874038428962,walking
6.2182652385995985,0.3245742111255132,0.8986194208813896,walking
-2.509731581491564,1.5854834898191068,1.686378562866189,upstair
-3.784251400596867,2.471697994281856,4.291311087862663,falldown
-3.3644807882282377,2.1234986861560023,1.676803331722335,falldown
0.2389447187864835,2.2391296904552784,0.46427901609526745,downstair
-2.1816967863401686,-7.877084889754515,-0.28601423649109564,jogging
-1.2402638889573363,1.85707064246666,-1.5981356535728253,downstair
-1.0163810666044624,1.3372662201015317,0.6857985189270597,falldown
-2.1885261851383517,-7.974217182312816,-0.008719547873212552,jogging
-1.5631855935775087,1.5917080280507778,1.4248708073552574,falldown
-2.2530594610395913,-7.14371445111982,0.5117450174111905,jogging
1.501214555216869,0.9466035575787222,-3.1657063206779203,shaking
-1.3407135721915016,3.075641631434776,-2.3584493323689637,shaking
-2.287570720480948,-8.045672151058634,0.1234949609718859,jogging
9.002656562403677,-0.8352745540851121,2.0563450917526467,walking
-0.5585775085566604,2.7576177402814155,-0.5158332750976765,downstair
-2.272338843648413,2.545005058182281,0.8208217613822874,falldown
-1.2837595141465694,2.8018612118059494,0.196784379079745,falldown
9.635544269751039,-0.3086087621814366,1.6568011022216134,walking
-1.1205330114106606,2.0312288145178417,-6.328181391937261,shaking
10.014153211832754,-1.0003924768301746,1.868539335483733,walking
1.5414386305457335,0.44594581812060674,-3.247047360758132,shaking
-3.2485638840742506,1.8912855601478509,4.5077534281560325,upstair
-1.3047421902436211,-7.764079836004866,0.5857313086448334,jogging
0.9899327738712842,1.7285177335024688,-3.6630430180342226,shaking
-0.37947386464458244,0.6210171778162641,-3.0142856698023057,shaking
-1.930214165660608,-5.695755837636633,0.5854531502071227,jogging
-2.5541972848229344,1.7223013044758424,3.768672852526166,upstair
-0.41650728820703964,3.3612156074506547,-0.5095617962424729,downstair
9.30230723709675,-0.4074763366455957,1.927001363776807,walking
10.856604078345391,-1.4542131188691751,1.7688443818211153,walking
-1.5796371498990809,1.7251862195590975,-1.1084894619739194,shaking
0.051608464660387626,0.6712000781031932,-2.4945184145349764,shaking
1.0719558244544758,0.955042829823391,-1.805268782296847,shaking
0.06871087434074251,1.2213521843069983,-4.419693258872315,shaking
-3.406750308074999,1.9081056923386268,2.9766639504251753,upstair
-2.1387699718856465,-7.309742072410254,-0.20761870692114617,jogging
-1.475448481489317,1.6544722561595484,0.4838346563978803,falldown
0.9925588277961523,0.3192852657467512,-0.7579818973686598,shaking
6.58332660024532,0.12576428621983105,1.0220337189952156,walking
-2.423400534101373,2.1476025457953885,3.9857201636320316,falldown
-1.9553057398292513,0.8786400759945071,-1.8815279548988515,shaking
-3.6542304904048835,2.1410992000280635,3.949279396821929,falldown
-1.6515482468785383,2.952719242197617,-5.149118620153096,shaking
-0.04553950358964231,1.8463346513988685,-1.072896418497663,shaking
-2.4432571976186304,1.2500521351361458,4.0282157299836605,falldown
-4.026196849269052,1.8916276370674552,4.781306471573899,falldown
-1.6761319140053135,1.9477505736818532,2.9589840393821114,falldown
-1.115384969400059,2.914386006820123,-1.3877640390682686,downstair
-2.3383206732769333,-6.819846520397414,-0.4258341423298154,jogging
0.4083307588633788,2.2366004314372754,-2.6109974539892566,shaking
-0.09867739399596072,1.8272001701097935,-0.03280483078242372,falldown
-2.4463393614917734,-7.859898456159396,0.13735370923779483,jogging
-0.5056841381989592,0.3442041559734153,-4.703955447638358,shaking
12.294230025823184,-1.4440393589430824,2.432035630836681,walking
-2.692455221787231,-9.295390363770167,0.5609747877879433,jogging
10.667342783522985,-0.7503413623449909,2.3386514759341246,walking
-0.051999875007453754,2.457446085368372,-0.8694237503778969,downstair
5.24030215000019,-0.055341424695546974,0.47509132036198065,walking
-3.3363891148018965,-9.569591372289192,0.2742909509999348,jogging
-2.1646077940709487,-7.1521378859336044,1.436877552356416,jogging
-0.7370212377822158,2.2809885126768834,-0.6121610283437843,downstair
-0.7012831417006792,3.2221795478229973,-0.22194520635953094,downstair
-1.9780092372912075,-9.625365670727374,1.274236276302889,jogging
-3.3147017614115133,2.020672905923078,2.7175572368884726,falldown
-0.2981571296118285,1.2653941356368246,-1.6022210896407718,shaking
-2.3716180541871585,3.6604571555977046,3.554669633994655,falldown
0.05344248861633687,2.5463505924109056,-0.5283956119748408,downstair
-1.8386168884548746,2.3952788148867574,1.8957212181323995,falldown
-2.4491763431464904,3.431205933440817,2.907478747974103,falldown
-0.7787915074840432,0.6469697045944429,-4.765466780418897,shaking
10.272292529135896,-0.5457332186393854,2.135020948379212,walking
-2.5346258382280236,-7.849118813808398,0.370017177670942,jogging
-2.3721034149198448,-9.599114618771052,0.7882835638692142,jogging
-1.1710708375779495,2.4489603804179816,-0.25541819904203905,downstair
-0.7331633133566648,0.7667557991086058,-4.451225068474724,shaking
-1.032835846497623,-1.6824225731304225,-3.9774750816109186,shaking
-1.2444290502205737,2.221809000534625,-4.006371684647947,shaking
8.70746598042138,-0.36403197280131366,1.5258962038873134,walking
8.483639131188134,-0.3854821997511467,1.5491897253803184,walking
0.014753496799380024,0.9597385955259848,1.6605767620245915,falldown
-2.9404007215595214,0.45105001620068164,2.844395661636837,falldown
-0.05637483841374676,2.3664375969215765,-5.428514825551889,shaking
-1.8067397792149433,-0.19042266130807556,-4.999119787058394,shaking
11.62200406152032,-1.2310017502144308,1.9221126565502065,walking
-0.4598676078843683,2.034542290931648,-1.620860499890135,downstair
-0.11124859769355021,-0.9771254389184916,-3.1979704211972084,shaking
-2.0187728976988693,-6.9803715515682425,1.481971064975266,jogging
11.50404760512813,-1.2061124869221322,1.9611720409246112,walking
-3.763933987371356,1.9178143814787931,3.239272251191768,falldown
-2.3287658006908845,1.909125758442457,4.28206425706114,falldown
-0.15477442255398668,0.7913958430786768,-0.7082751812168355,shaking
-2.31513069579322,2.2543917540133287,3.8581571354636557,falldown
-2.6654715258737056,-8.980244418879368,0.02299452508654804,jogging
-3.4748916768590044,3.2495614110150552,3.4221448624095703,falldown
-3.673201528496923,1.4692610917526188,4.8940436304488255,falldown
8.209636446852505,0.19245234278296358,1.040499281845834,walking
-3.9307774052215834,2.6393286601165737,2.2696869094053267,falldown
-0.9890647683680999,1.6743224834289603,2.198184834155602,upstair
-2.5268394719263743,-8.614882502330358,-0.011432019476326742,jogging
-0.5561653168976188,3.185554343368168,-1.5070705521433139,downstair
0.012846416286958382,1.3268808527456515,-1.4869722384775856,downstair
-2.2183095241632533,-8.267528840402626,0.5880274468584986,jogging
-2.1246456116451995,2.8918973668687866,3.401482171954551,upstair
-0.08552210055684123,1.2856611831623594,-1.561292762092587,downstair
-0.11862628702048486,3.093538463305616,-1.8980558891367767,downstair
-0.6777834282478897,2.1857698726567154,-4.087644052155895,shaking
-1.6914617776204832,-7.158899175566622,0.3475482816877824,jogging
-3.327425047997132,-10.004304392013621,1.4082760485775374,jogging
-1.9959238696731327,2.494774375562835,3.447304652313415,upstair
-0.699036437187707,3.101092559013658,-1.2518107256827204,downstair
-1.2296144665413176,0.05903426583093613,1.357602985048951,falldown
-2.6793997701020538,1.1232198276115468,2.106260080185142,upstair
-0.1986592565151098,1.825025500619154,-1.288530643285916,shaking
-0.06314408123454682,0.9502381592957273,-3.2897153459832857,shaking
-1.334414169763987,1.8248339321440863,-5.330830147380475,shaking
-2.579359751093355,3.228112707258337,2.801997264787224,falldown
-3.4715059214998814,1.872729777096766,2.682310941716099,upstair
-0.4799833665184821,2.858723591808659,0.07358624996407988,downstair
0.1483285663838257,2.9526665929971787,-0.3861033443407964,downstair
-0.3334045514941587,1.7246911470952233,-1.5597787909406657,downstair
-2.3623281333274715,-6.538993746297996,0.16208798826796722,jogging
-1.1104342118960262,-2.6383690994120395,-2.2432104453722763,shaking
-2.139716638785075,1.1613773462200918,-3.023688428977086,shaking
-2.4398295872081657,1.8179821829125866,3.342179329333207,upstair
8.650527055531855,-0.9558217576526838,1.5512619647974903,walking
5.22489236652129,0.5101428492626483,0.12356953688918722,walking
0.9815944094760424,1.7206358528377856,-3.204064318453534,shaking
1.0151678556272585,0.8836993423966545,-1.5903066955968181,shaking
-2.832542361365671,-8.283285879471237,-0.37190654642991156,jogging
-1.5493450621982887,3.0041422595594254,3.0601060121903596,upstair
-0.5242312292967585,4.153180642721997,-1.1976589212185669,downstair
-2.5778199934612047,-7.167041298061571,0.10262159484890303,jogging
9.985244082411096,-1.5267126619934728,1.4396079482313364,walking
-2.1953234702577813,-10.557858052294538,0.620129139236474,jogging
-3.26604568593436,1.1128647960639104,3.45514304917048,falldown
-2.821975875420245,2.1198152013453635,3.0518565193899536,falldown
-2.15404407550256,-1.5588631057178717,-3.8110069653282266,shaking
-0.8654999777613916,1.2512409626550622,-5.280730956782079,shaking
8.502006717340985,-0.43808728255045265,1.4133901544670093,walking
-4.860216425312566,2.101514080019475,5.721037797020346,falldown
9.462640726188024,-1.1481642466473319,2.1190860773672737,walking
-0.05525303367595735,2.694122799835831,-0.999973493965149,downstair
-1.7707874623165265,2.222111867915271,2.829410360642464,upstair
-3.1278272466489248,1.8431773329372363,3.948813597194133,upstair
-3.19408606936136,2.6558853836735534,3.012447902553708,falldown
-3.2012651267493353,-7.971898366968775,0.7385497749166618,jogging
-0.3741139887800226,3.360527581957921,-1.3168468777763782,downstair
9.319179426293834,-0.39860678486279755,1.9917301243998862,walking
-0.5328679516502575,3.5703508095041925,-2.4402503139837766,downstair
-0.39629203970308696,3.162012136460775,-4.918375596189138,shaking
-2.4370745165759433,1.459617358722349,3.8535522166832124,falldown
9.183788529952977,-0.9858241772451422,1.510704428492725,walking
-2.615716151266295,2.2829188282279635,4.3056720442979,upstair
-2.008195844147986,3.2865205917183853,-1.43484191005764,downstair
0.6431069502439488,2.0714121787830506,-2.3602156015005025,shaking
-2.768454215694519,1.9101150534634312,3.7375423415293256,falldown
-0.6069326768958755,0.2933894175529956,-4.270737539705334,shaking
-1.843660533226809,2.486389398784671,3.6819267157796567,falldown
-2.3745387062574315,1.2922114149228965,2.384175833248913,upstair
0.1910140877721854,1.2865621901854052,-0.37839164661195485,shaking
-1.6831895706418674,-0.09928380440010906,-4.618971169513085,shaking
9.552909402938845,-0.422575610192312,2.0622275129766834,walking
-2.339466292057776,-5.889323151267571,0.611840924057508,jogging
-2.643102633359104,2.1560757352361803,4.143049662852617,falldown
-2.5901081869870763,2.0099103193938577,3.820342624429208,falldown
-0.8435364967916911,1.9892105971753373,-1.8563654507414546,shaking
10.146441296974318,-1.0865084380755277,1.5293323062804849,walking
-3.201938087758389,0.4768276139326769,2.7640626172381526,falldown
-2.7681373817013086,2.9802031912044025,1.4995205522457509,falldown
-1.976357638628841,-0.037103404661086414,2.2868999829716037,falldown
0.5643439118723426,-0.9111208868608321,-4.035510406926915,shaking
-1.3826224519640629,-7.677284415231053,0.2348584047382636,jogging
-2.9446308382152537,2.7654688038650868,4.51015510259667,falldown
-3.0709005947745003,-1.7870392393123844,-5.016721699126868,shaking
-3.4169793083367894,-9.233281510146282,0.500338955208799,jogging
0.15861532627583627,0.041857812800169626,-2.87525081667334,shaking
-2.123594507324004,-6.781422212431632,0.6182796344248702,jogging
6.685217497152754,-0.6657808514332707,0.5729870773130109,walking
-2.062942046825554,-7.8746472326908945,-0.6663573770725464,jogging
-0.45784662012058824,2.462172756368882,-0.5485479125497813,downstair
-3.3058724948561813,-0.4956845448387379,3.248105745032301,falldown
5.133486953274487,0.2504018436833851,0.6242906337343017,walking
-1.6489481091247569,1.4410255682482098,-3.869313741687343,shaking
8.866468710691315,-0.00675353346321085,2.393140203240257,walking
0.3866041144471255,0.8552911606818071,-2.9588537127964294,shaking
-0.8412049554871094,2.0875357791525384,-3.3009947237103554,shaking
6.969533825080266,-0.2670899587274878,1.03657033758741,walking
-1.0041996540119917,0.2871557698116211,3.0418212772888618,falldown
-1.177141378161532,1.2823078517535513,-4.356877585426685,shaking
0.32474569216865906,2.6629238242226947,-1.197625528435623,downstair
9.042837384192438,-0.5893636497555779,1.348521035120684,walking
-1.6750380141270922,-7.055305101908617,0.06412536582238962,jogging
-3.0913709209040543,0.7875626687535522,2.9815440796991455,upstair
-0.5520728408798609,1.5401148315611888,-3.5639136507240003,shaking
-2.3382278943911423,-0.394872969232675,3.0539214251911075,falldown
-1.6611338966237421,1.30656324637741,2.712472979037088,upstair
-1.742393431363497,-6.348539097010177,0.48563905345885044,jogging
-0.43074682922558927,3.9276681841762433,-0.08154147368267912,downstair
1.0998085622268714,2.133994265691239,-1.1397933438969297,downstair
9.169655819119107,-0.7124941398930452,1.674289274259026,walking
-3.5036346211308707,1.848204068837401,4.569547048162595,upstair
-5.256265500577131,0.7732269197493903,3.2730162629805264,falldown
-3.695553483309667,1.5156751182691168,4.421818902152554,upstair
-3.1641793284063313,2.1192878938837256,3.2186947943229955,upstair
-3.8877656796250073,1.4764985113540332,3.877624083896416,upstair
0.008677902476742662,2.1437558534905357,-3.795498601130304,shaking
-1.9743827111027537,2.6959972153513005,3.357648125077107,falldown
-1.28909535920928,0.7868314209570474,-3.2925011361369525,shaking
-1.525992039217753,-6.653431845928156,0.6952835226507436,jogging
-0.8579863455338503,0.846101441060334,0.40820716501418575,shaking
-2.8353631328842126,1.4480119284814175,3.2678818813763266,upstair
0.12133811818095545,3.007418669439554,-1.1462825851697915,downstair
0.3554161387797958,0.2021255139380325,-1.3352871253088527,shaking
-2.5223562569481293,2.927607137998194,3.175883100973259,falldown
0.3232320407852555,1.0333994083331077,-2.006512130791386,shaking
0.32327332452799756,0.05466590057610722,-4.508856884931232,shaking
0.2656412641208246,1.4620994914266783,-2.768458384216648,shaking
-1.1374920238238149,-6.457027235395622,-0.16105146562804204,jogging
-1.8501649887619247,1.7596394952160541,0.574395089505085,falldown
-2.6597553603680546,1.8322669091543387,2.010983136025416,upstair
-1.1685135693676483,0.9165540870298673,-4.403244235744218,shaking
0.1070244008245473,0.7126056495615719,-2.393944364660863,shaking
-1.0987448256262542,1.489288069988912,-0.29637298291252073,falldown
-0.759912408803098,1.243194558420767,-2.644622182453122,shaking
-3.081918494100309,-9.041255868852565,0.8483820188204446,jogging
10.738916645714754,-0.4713325136958456,1.4431984259862907,walking
9.943081825789443,-1.0354796864182092,1.4867526370479973,walking
-3.159213678155616,1.3256988717904366,3.5824112168137257,upstair
1.533400332357673,-0.23532008535049623,-2.6072845267650644,shaking
9.43352985872388,-0.9155882384766916,1.5190400343325683,walking
-1.5950678674900831,-6.8170378002740915,-0.3379478029178803,jogging
0.4589678736799015,2.036557739909316,-1.0010388317163033,shaking
6.429843823703232,0.4242896260256483,0.2475782433028206,walking
0.4431785150915418,-1.5644793812674362,-3.8071757803671815,shaking
-0.46285265329119696,2.1980686791701896,-0.46371773735939137,downstair
9.349908736297383,-0.3776784279473069,2.180165912332725,walking
-0.0982204900624528,3.0828098767172825,-1.1934664799816004,downstair
-0.7448384928513988,3.01400910668378,-0.11988524125310518,falldown
-2.6193508600414845,3.380819135556583,2.470604519030337,falldown
-2.486596349738772,-8.009293608427907,0.5527394048966299,jogging
-0.21859919464162006,2.762226294852809,-1.3562296930535536,downstair
-1.4823628083114706,2.372880497867518,2.349263470866315,upstair
-1.6759077373218845,1.7238768848838653,0.11380623362360415,shaking
-0.31999703747543584,3.7340154284415386,-1.0548546129780045,downstair
0.3226346237441783,2.0155190438121493,-4.007310337063219,shaking
-1.597295971091986,0.6563090129413977,-3.820083191495642,shaking
10.410667552646075,-0.7344271951333868,2.3283933561654586,walking
-2.3453416840824057,2.6526728130642487,3.7416243257523822,falldown
-0.5561479160613354,1.2394413396881252,-3.5938271649666764,shaking
-1.3493934971596098,3.468948808522912,1.9899206306189987,falldown
-1.7994193589472989,3.2232890117794004,-1.2566631199468197,downstair
-1.0145476202950887,-1.8781216667962677,-3.3310145361635755,shaking
7.7656744627955785,-0.067101542003295,0.5855977441139293,walking
-2.199701893712928,2.5667139495779,2.8365700349993523,falldown
-1.0730011928369052,-6.4907079551586495,-0.5239750820717883,jogging
-2.323312721047358,-8.196604283425794,0.8834869806919322,jogging
-1.5176835820681491,-0.6570452742923151,-3.581775110485873,shaking
-1.4821842319426963,-8.019370855012324,0.01651140328187067,jogging
10.619310348609192,-0.7184906259944976,1.8704569483855717,walking
-3.9380393292336424,2.636243312408452,4.100425691754982,upstair
-1.6270188363248677,3.31390270194311,-0.9638917456130015,downstair
-0.23339834756771444,1.0577728956150942,-3.023602692506031,shaking
4.55163112331885,0.7491337771941553,0.7197367695414983,walking
-0.2181193812475364,0.1722762413673551,-5.518224619864352,shaking
-2.0010719863919455,1.9247325610390522,3.4664080108834447,upstair
-2.6333982368912747,1.3405475940075504,3.1796388083484395,upstair
9.170262162301603,-0.72781896187751,1.5407509629467864,walking
-2.196396798899872,1.689977714590865,3.204040205174043,upstair
-2.385855239986701,0.046776433759861735,2.418506019313655,upstair
-1.9640650171390797,-1.0023100666315958,2.541004282153585,falldown
-2.8778585969144124,-8.656375422112975,-0.19384023240913392,jogging
-1.7457236934436213,1.2590239934336098,-5.585410837620246,shaking
-0.41628544655348304,2.2781361653901353,-3.862815852118053,shaking
-1.6196339824040389,-3.574775231394626,-0.8168002486535956,shaking
-0.925348042486597,-1.3058772383277584,-3.476623879403362,shaking
-0.0010973133634791304,2.9168247018236646,-2.7485782999626607,shaking
-1.853240302862779,-8.026048813302669,0.15472779814627238,jogging
-2.1658310482788536,1.7682421325380904,-3.132104795141839,shaking
-0.19942018430879938,2.4567897018510028,-2.7749614811674856,shaking
-2.8173072267099504,-8.508279128364679,0.5368738150858466,jogging
-1.8313485023642886,-7.126274198540976,0.14746060818660864,jogging
-1.389942433015374,1.9064570373124365,1.201324109443174,upstair
10.020041749306662,-0.26171339118257075,2.672419127988791,walking
-1.8978654594265705,-8.651757819735712,0.18535421009865907,jogging
8.196663124181914,0.042231859244241776,1.5135315735916384,walking
-3.1079636548697076,2.191241994647509,3.517113755029346,falldown
8.93890064102179,-0.4036300256268714,1.89998987139042,walking
0.2756349283277963,2.4177508270376666,-1.3155652649409195,shaking
0.1314935245329282,2.2879886961292213,-2.563862777352136,shaking
0.4270306183055138,1.8568795889874288,-2.8448885097967773,shaking
-2.0636361615494296,1.7458504214817188,3.4117072769440253,falldown
-1.8071241749647327,0.7957360956344268,0.15123059454697643,shaking
-0.6525970157970582,1.2346840514850042,-4.194432182770442,shaking
-0.030839752050692542,2.309574466402019,-0.9339630291156145,downstair
10.515677567494045,-1.0709550392387708,1.4407829857360912,walking
10.225356553688137,-0.676037093504448,2.3858696329437366,walking
0.4710140645270445,2.9985449671456905,-3.529972932237123,downstair
-1.6864680674992147,-6.774936277965056,0.5320384623489077,jogging
-0.17751949354418134,1.1854947311464052,-4.263014959810601,shaking
8.726550771312782,-0.6994506591608199,1.6677678737265764,walking
-0.029609980193375372,2.213188847016786,-1.4002595809128113,downstair
-1.5295628283446088,1.463336203067888,1.3114499826084147,upstair
-0.10068381263770759,1.6269320662043791,-4.36306086016211,shaking
8.274896379767199,-0.6702517308466958,1.2564607121606368,walking
-1.003949588520636,2.7284859147210825,-5.148665200402278,shaking
-1.562220102347406,1.540553674678649,-0.08410260412272162,falldown
-3.3283501602109085,2.289792750618188,3.3243378029653523,falldown
0.08812808347433372,1.901106093802868,-1.4052935462465228,downstair
9.294071495613531,-0.8684310669396131,1.740005356551055,walking
-1.3559069823952505,-0.6417773107886731,-3.7101116404496386,shaking
8.193394133043457,0.022435787824439918,1.9784399297975166,walking
6.339366161149563,-0.04892506900698072,0.6787373577941347,walking
-3.308834242385888,0.7357962236579257,4.26670766480554,falldown
-2.5231588347002747,-1.088784336581579,-2.0447664627514373,shaking
-1.9262076032649507,2.7322289058712403,3.142219884264301,falldown
-0.18232182272610972,3.402829652793482,-3.9384060745453855,shaking
-3.17230457899382,2.6493486087771374,4.106204629004661,falldown
-0.10711107060862882,0.8253239469498468,-4.350536593450097,shaking
-2.0968003500653722,-8.958916376254082,-0.3353365033310988,jogging
-0.1219629528757416,-0.45771813831483377,-3.5141484420055167,shaking
-1.0431375897521395,-6.7071339873038855,0.10599786926984037,jogging
-3.395332705316335,2.2816871165732486,4.395403471932266,falldown
-3.0080551643711106,1.7552834648946403,3.8445128447649033,falldown
-2.4398295872081657,1.8179821829125866,3.342179329333207,falldown
-0.6530579187410253,1.768281129316873,-3.4202327971657276,shaking
-3.668256183915219,3.5854149488861196,3.8859659938507343,falldown
10.031123222451292,-0.9131791392097579,1.4989105540821464,walking
-1.2531224811211499,-0.17483383561106994,-4.281328247211058,shaking
0.1527582130429681,1.8435447091098867,-3.49059475369192,shaking
-0.22182094496226037,-0.1183763755366122,-2.791335429196676,shaking
-1.1359782322192904,1.6276974861198996,-4.09389222099589,shaking
-0.7885571049487585,1.0332718419733238,-1.7635782323697982,shaking
10.033883944515004,-0.34958229125883095,1.7054060350620912,walking
-1.2231725684116648,1.3777571765379417,3.2073946713725134,upstair
-2.451255872925912,-6.21465714807408,0.2953711524111774,jogging
-1.0404731348761063,1.0107206838721559,-4.0623746366069815,shaking
0.4656240540720265,0.8486694565724835,-3.2430254490774475,shaking
-1.4468377880692096,-6.251053625401505,-0.3009697627886919,jogging
0.32956373877891193,2.5683427317756684,-1.6269660573458788,downstair
-0.1857097492383017,2.6408517910346947,-0.569030453827589,shaking
-0.4570596230293775,0.6241299820687306,-4.75431569896892,shaking
0.027368773005053644,1.6431224608472632,-1.156874649272605,downstair
-1.7363285599810656,-6.370696358248446,0.13036063347750074,jogging
10.690275829250039,-0.087656312475421,1.221941947040231,walking
-3.172231911883469,3.091456308464281,3.2230684483347076,falldown
-3.880120793163793,3.459440894304511,3.5093559979400744,falldown
-0.37585971013046016,0.7829255319744687,-2.6964831466937356,shaking
-2.4099274679913636,-7.124964544317871,0.6629381766462745,jogging
5.988192541447165,0.5372848749315753,0.25079193563002183,walking
-1.4936218619535,1.2080620180540855,-4.981113985653822,shaking
-0.08977220603567485,1.5522077741755804,-1.2422678824131397,shaking
-2.827253886666739,1.986335999005056,3.138785431590572,upstair
-0.5123264822260698,-2.567340297470694,-4.157971195865137,shaking
-3.174214426443817,-8.820147253891887,0.16138299071434933,jogging
-0.05483818108237115,0.06440477861506406,-1.1895571434015884,shaking
-0.3635819883702723,2.667349573336191,-1.3439065621410191,downstair
-2.6908823210595694,2.584554604266809,2.108721831691433,falldown
-2.8484745159782756,1.604296788910299,3.207173898345351,upstair
0.04254131488319182,2.8706144629822337,-0.12980733283223483,downstair
-1.4105940135978392,-0.28608923914768825,-3.8806776678185733,shaking
-2.7736385693778187,0.46966218671703147,2.8737004529642522,falldown
-2.1735397145926654,0.7433401957508925,1.5958841932200132,upstair
-3.2485638840742506,1.8912855601478509,4.5077534281560325,falldown
-0.11341184732407053,0.5421711511275081,-3.527367996411784,shaking
-2.29244043971982,3.9689349933467586,-3.7094268069022323,shaking
8.888586987829695,-0.6602130278972417,1.9223482983118882,walking
-2.065782926288655,-7.982425469462827,0.3152594535827897,jogging
-0.21123877073775735,2.655577830031804,-4.939748312831421,shaking
8.809167615598684,-0.7753935441367503,1.3944309029627038,walking
0.6077814251357689,2.7287926161872837,-0.6136115431550717,downstair
-0.41867886608986327,1.075874009265076,0.73389342268095,falldown
-2.511250176290717,-7.5240494403467535,0.6823023289072226,jogging
-1.674972086260022,-0.35233043934589947,-4.598541938492184,shaking
-0.5689562364384001,3.08104784637594,-0.8158178303368294,downstair
0.5643729742905835,0.760518441783247,-3.7596746489631196,shaking
-1.8472472266587625,-7.107555986077359,1.0822141223560775,jogging
-2.742911297149503,-7.515074592160736,0.17828049191847864,jogging
-1.7909576297648957,2.9501132245522528,-1.587161511170834,downstair
10.181086508407226,-0.7535181323050028,2.1104996454605818,walking
-0.6075835835008542,-5.484890755572506,-0.8342615723319247,jogging
11.827677766936192,-0.8983506169222882,2.7194682697214967,walking
-1.8378269097421642,1.462549639968675,1.5011440640657703,upstair
-0.45104169510093295,-0.2731869305659327,-4.3633031203156865,shaking
-1.5674888298110718,1.7882020333576238,1.361268887814733,upstair
0.33568750489180754,-1.0914788943572338,-3.957494504684963,shaking
-2.4304119061492413,-8.428211521734045,0.2812743341721463,jogging
-1.1351237251858517,0.3930565096483904,-2.5245327174155876,shaking
-3.7415376767727357,0.6696098371029336,3.118098927672259,falldown
-2.219009906745541,-8.815068043593167,0.22303494238357788,jogging
-0.827732306126131,1.182376314548581,-4.881492629688062,shaking
-2.6673845505069216,1.0196061402172594,4.22185855010306,falldown
-0.8611214546515878,-5.266714481609497,-1.029396791554662,jogging
-0.25842443744267163,3.6127428911771506,-1.1643283735831478,downstair
-2.3131650052288393,1.4846972022728244,0.45990983090849624,falldown
-2.087846667679271,-8.001946570001191,0.8580525303859022,jogging
-1.7477923212022233,-0.2619639406147744,0.6439149104807187,falldown
0.5975149779071798,2.228149124122733,-3.01856229362563,shaking
-1.2951987159966925,-0.21058865059197202,-3.8145166333587084,shaking
-0.33937923206783965,3.337641135427335,-2.51687984667035,downstair
2.6063694123968273,2.0722603827174266,-0.5645540127259276,downstair
-2.753908631514734,-10.553975417120347,-0.04882033850723073,jogging
-2.0747642352268736,-0.7528744944559214,-2.3999635518070943,shaking
-2.5127686225993937,3.3285930733589,2.581120362226145,falldown
9.876596984928412,0.04801113155613259,1.4360506248821525,walking
-0.6611082916794403,0.06576865056518648,-2.84044494946777,shaking
-3.243490847453812,2.2265424253895234,3.28861539178488,falldown
9.472472890966932,0.0014423315323270592,1.382461052093035,walking
-0.5155030324073431,-1.1481080296205188,-4.494554761610289,shaking
9.543160724234408,-0.8360409154337632,1.9267117844903041,walking
-0.6937832077377851,4.112972234702125,-1.2272742571965327,downstair
0.41933512223525815,0.8155322926448153,-1.9829393047064419,shaking
0.6227142196694747,2.6898491065943393,-2.096292972845343,downstair
10.95974612978261,-0.9671336216522042,2.0904944496563838,walking
-1.889544765797773,3.634327454210259,3.058785818227932,falldown
-0.5620446612170186,3.1059035441046055,-1.4088718807015732,downstair
-2.6473408665922062,1.534496145568404,2.3067175294341173,upstair
-1.9019114306024674,1.09885241700507,1.6986296098076168,upstair
9.707067822254558,-0.4600819604228639,1.976922435845107,walking
-1.0961215920784417,2.2514011148738025,3.218405620876365,upstair
-1.9997710154648052,2.0845115622084713,3.295641411766229,falldown
-1.594720385462277,-8.087567133758697,0.5797325920883818,jogging
-3.058793256856385,1.9836720722390722,2.325812816597798,falldown
-2.742066304978136,2.7882428908785366,4.063950765842366,falldown
-0.5195170967951748,1.6425870064193913,-3.5361920928637067,shaking
-3.1139427915356244,2.0345961465082527,3.837580972282561,upstair
-3.361774563445046,3.7929751248079726,3.5614852489305098,falldown
-2.416795577466281,1.5581517608327535,2.409015022730848,upstair
-1.265135816892477,-0.21831698371562896,-2.4046899336177967,shaking
-3.3257105049196034,0.9966752362303997,3.8227355533520697,upstair
-0.3325345138687943,2.137144092135901,-2.0490676860935717,downstair
